"Bucket","SourceRel","TargetRel"
"resource","README.md","00-index/resource-readme.md"
"resource","resource-rename-map.csv","00-index/resource-rename-map-20260613.csv"
"resource","02-literature/previous-studies-bab2-marsia.csv","02-literature/datasets/previous-studies-bab2-marsia.csv"
"resource","03-product-photos/product-ayam-goreng.jpg","03-prasurvey/product-photos/product-ayam-goreng.jpg"
"resource","03-product-photos/product-ayam-gulai.jpg","03-prasurvey/product-photos/product-ayam-gulai.jpg"
"resource","03-product-photos/product-ayam-pop-putih.jpg","03-prasurvey/product-photos/product-ayam-pop-putih.jpg"
"resource","03-product-photos/product-banner-kelompok.png","03-prasurvey/product-photos/product-banner-kelompok.png"
"resource","03-product-photos/product-gembung-bakar.jpg","03-prasurvey/product-photos/product-gembung-bakar.jpg"
"resource","03-product-photos/product-gembung-goreng.jpg","03-prasurvey/product-photos/product-gembung-goreng.jpg"
"resource","03-product-photos/product-kakap-gulai.jpg","03-prasurvey/product-photos/product-kakap-gulai.jpg"
"resource","03-product-photos/product-kari-kambing.jpg","03-prasurvey/product-photos/product-kari-kambing.jpg"
"resource","03-product-photos/product-kikil-tunjang.jpg","03-prasurvey/product-photos/product-kikil-tunjang.jpg"
"resource","03-product-photos/product-lele-goreng.jpg","03-prasurvey/product-photos/product-lele-goreng.jpg"
"resource","03-product-photos/product-marlin-goreng.jpg","03-prasurvey/product-photos/product-marlin-goreng.jpg"
"resource","03-product-photos/product-nasi-ayam-bakar.jpg","03-prasurvey/product-photos/product-nasi-ayam-bakar.jpg"
"resource","03-product-photos/product-nasi-cumi.jpg","03-prasurvey/product-photos/product-nasi-cumi.jpg"
"resource","03-product-photos/product-nasi-dendeng.jpg","03-prasurvey/product-photos/product-nasi-dendeng.jpg"
"resource","03-product-photos/product-nasi-perkedel.jpg","03-prasurvey/product-photos/product-nasi-perkedel.jpg"
"resource","03-product-photos/product-nasi-rendang.jpg","03-prasurvey/product-photos/product-nasi-rendang.jpg"
"resource","03-product-photos/product-nasi-sayur.jpg","03-prasurvey/product-photos/product-nasi-sayur.jpg"
"resource","03-product-photos/product-nasi-telur-gulai.jpg","03-prasurvey/product-photos/product-nasi-telur-gulai.jpg"
"resource","03-product-photos/product-nasi-telur.jpg","03-prasurvey/product-photos/product-nasi-telur.jpg"
"resource","03-product-photos/product-nila-bakar.jpg","03-prasurvey/product-photos/product-nila-bakar.jpg"
"resource","03-product-photos/product-nila-goreng.jpg","03-prasurvey/product-photos/product-nila-goreng.jpg"
"resource","03-product-photos/product-tongkol-goreng.jpg","03-prasurvey/product-photos/product-tongkol-goreng.jpg"
"resource","03-product-photos/product-udang-goreng.jpg","03-prasurvey/product-photos/product-udang-goreng.jpg"
"resource","03-product-photos/storefront-nasi-gerilya.jpeg","03-prasurvey/product-photos/storefront-nasi-gerilya.jpeg"
"resource","04-prasurvey-grabfood/O-GF-20260404-menu-price-01.jpeg","03-prasurvey/grabfood-observation/O-GF-20260404-menu-price-01.jpeg"
"resource","04-prasurvey-grabfood/O-GF-20260404-menu-price-02.jpeg","03-prasurvey/grabfood-observation/O-GF-20260404-menu-price-02.jpeg"
"resource","04-prasurvey-grabfood/O-GF-20260404-menu-price-03.jpeg","03-prasurvey/grabfood-observation/O-GF-20260404-menu-price-03.jpeg"
"resource","04-prasurvey-grabfood/O-GF-20260404-menu-price-04.jpeg","03-prasurvey/grabfood-observation/O-GF-20260404-menu-price-04.jpeg"
"resource","04-prasurvey-grabfood/O-GF-20260404-menu-price-05.jpeg","03-prasurvey/grabfood-observation/O-GF-20260404-menu-price-05.jpeg"
"resource","04-prasurvey-grabfood/O-GF-20260404-menu-price-06.jpeg","03-prasurvey/grabfood-observation/O-GF-20260404-menu-price-06.jpeg"
"resource","04-prasurvey-grabfood/O-GF-20260404-menu-price-07.jpeg","03-prasurvey/grabfood-observation/O-GF-20260404-menu-price-07.jpeg"
"resource","04-prasurvey-grabfood/O-GF-20260404-menu-price-08.jpeg","03-prasurvey/grabfood-observation/O-GF-20260404-menu-price-08.jpeg"
"resource","04-prasurvey-grabfood/O-GF-20260404-menu-price-09.jpeg","03-prasurvey/grabfood-observation/O-GF-20260404-menu-price-09.jpeg"
"resource","04-prasurvey-grabfood/O-GF-20260404-menu-price-10.jpeg","03-prasurvey/grabfood-observation/O-GF-20260404-menu-price-10.jpeg"
"resource","04-prasurvey-grabfood/O-GF-20260404-menu-price-11.jpeg","03-prasurvey/grabfood-observation/O-GF-20260404-menu-price-11.jpeg"
"resource","04-prasurvey-grabfood/O-GF-20260404-menu-price-12.jpeg","03-prasurvey/grabfood-observation/O-GF-20260404-menu-price-12.jpeg"
"resource","04-prasurvey-grabfood/O-GF-20260404-menu-price-13.jpeg","03-prasurvey/grabfood-observation/O-GF-20260404-menu-price-13.jpeg"
"resource","04-prasurvey-grabfood/O-GF-20260404-menu-price-14.jpeg","03-prasurvey/grabfood-observation/O-GF-20260404-menu-price-14.jpeg"
"resource","04-prasurvey-grabfood/O-GF-20260404-menu-price-15.jpeg","03-prasurvey/grabfood-observation/O-GF-20260404-menu-price-15.jpeg"
"resource","04-prasurvey-grabfood/O-GF-20260404-menu-price-16.jpeg","03-prasurvey/grabfood-observation/O-GF-20260404-menu-price-16.jpeg"
"resource","04-prasurvey-grabfood/O-GF-20260404-menu-price-17.jpeg","03-prasurvey/grabfood-observation/O-GF-20260404-menu-price-17.jpeg"
"resource","04-prasurvey-grabfood/O-GF-20260404-rating-reviews.jpeg","03-prasurvey/grabfood-observation/O-GF-20260404-rating-reviews.jpeg"
"resource","05-prasurvey-performance/D-KIN-20260427-competitor-internal-grab.xlsx","03-prasurvey/performance-data/D-KIN-20260427-competitor-internal-grab.xlsx"
"resource","05-prasurvey-performance/D-KIN-20260427-whatsapp-01.jpeg","03-prasurvey/performance-data/D-KIN-20260427-whatsapp-01.jpeg"
"resource","05-prasurvey-performance/D-KIN-20260427-whatsapp-02.jpeg","03-prasurvey/performance-data/D-KIN-20260427-whatsapp-02.jpeg"
"resource","05-prasurvey-performance/D-KIN-20260427-whatsapp-03.jpeg","03-prasurvey/performance-data/D-KIN-20260427-whatsapp-03.jpeg"
"resource-to-scratch","00-admin/form-c-jadwal-pelaksanaan-sempro.docx","00-admin-kampus/form-c-jadwal-pelaksanaan-sempro.docx"
"resource-to-scratch","00-admin/panduan-format-skripsi-usu-260921.pdf","00-admin-kampus/panduan-format-skripsi-usu-260921.pdf"
"resource-to-scratch","06-seminar-materials/sempro-slide-structure.md","06-seminar-proposal/sempro-slide-structure.md"
"scratch","1. Prof.Dr.Elisabet Siahaan_Metodologi Penelitian.pdf","01-panduan-dan-materi-kuliah/metopel-prof-elisabet-01-metodologi-penelitian.pdf"
"scratch","2. Prof Elisabet_Metopel_Tips Mengerjakan BAB 2.pdf","01-panduan-dan-materi-kuliah/metopel-prof-elisabet-02-tips-bab-2.pdf"
"scratch","3. Prof_Elisabet_Tips Mengerjakan_BAB 3_Metodologi Penelitian (1).pdf","01-panduan-dan-materi-kuliah/metopel-prof-elisabet-03-tips-bab-3.pdf"
"scratch","Panduan Penulisan Skripsi.pdf","01-panduan-dan-materi-kuliah/panduan-penulisan-skripsi.pdf"
"scratch","contoh kerangka pemikiran.png","02-contoh-dokumen/contoh-kerangka-pemikiran.png"
"scratch","contoh_ppt_sempro.pdf","02-contoh-dokumen/contoh-ppt-sempro.pdf"
"scratch","bimbingan-20260407.txt","03-bimbingan/bimbingan-20260407.txt"
"scratch","bimbingan-20260429.txt","03-bimbingan/bimbingan-20260429.txt"
"scratch","cheatsheet-eksekusi-penelitian-lapangan-nasi-gerilya.md","04-cheatsheets/cheatsheet-eksekusi-penelitian-lapangan-nasi-gerilya.md"
"scratch","laporan-audit-skripsi-2026-06-10.md","05-laporan-kerja/laporan-audit-skripsi-2026-06-10.md"
"scratch","justifikasi-sitasi-paragraf.csv","05-laporan-kerja/justifikasi-sitasi-paragraf.csv"
"scratch","download-nonbook-report.csv","05-laporan-kerja/download-nonbook-report.csv"
"scratch","FORM A (outline skripsi).docx","00-admin-kampus/form-a-outline-skripsi.docx"
"scratch","FORM A (outline skripsi).pdf","00-admin-kampus/form-a-outline-skripsi.pdf"
"scratch","FORM A (outline skripsi) side.docx","00-admin-kampus/form-a-outline-skripsi-side.docx"
"scratch","FORM A (outline skripsi) side.pdf","00-admin-kampus/form-a-outline-skripsi-side.pdf"
"scratch","FORM A (outline skripsi) v2.pdf","00-admin-kampus/form-a-outline-skripsi-v2.pdf"
"scratch","form B halaman 2.pdf","00-admin-kampus/form-b-halaman-2.pdf"
"scratch","SURAT PERMOHONAN PEMBUATAN SK SKRIPSI.docx","00-admin-kampus/surat-permohonan-pembuatan-sk-skripsi.docx"
"scratch","SURAT PERMOHONAN PEMBUATAN SK SKRIPSI.pdf","00-admin-kampus/surat-permohonan-pembuatan-sk-skripsi.pdf"
"scratch","SURAT PERMOHONAN PEMBUATAN SK SKRIPSI v2.pdf","00-admin-kampus/surat-permohonan-pembuatan-sk-skripsi-v2.pdf"
