"status","ref_key","judul","bab_skripsi","lokasi_skripsi","kata_kata_di_skripsi","kata_kata_asli_referensi","halaman_referensi","catatan"
"verified","putro2025digitaltransformation","The Influence of Digital Transformation On The Performance of Culinary SMEs in Bogor District Using The Technology Organization Environment (TOE) Model","Bab 1 Pendahuluan","chapters/01-pendahuluan.tex:4","digitalisasi berpengaruh positif terhadap performa usaha, terutama melalui media promosi digital dan sistem pembayaran digital","digitalization demonstrated a positive impact on SME performance","344 (PDF p.1)","verifikasi langsung dari abstrak PDF jurnal"
"verified","sophia2025rendanggadih","Analisis Strategi Pemasaran Rendang Gadih Melalui Platform Shopee untuk Meningkatkan Penjualan","Bab 1 Pendahuluan","chapters/01-pendahuluan.tex:4","strategi pemasaran berbasis platform digital ... meningkatkan penjualan melalui penguatan di poin STP dan 4P","The strategy analyzed refers to the concept STP ... and the 4P marketing mix","1446 (PDF p.1)","verifikasi langsung dari abstrak PDF jurnal"
"verified","elverda2025ofdindonesia","Analysis of Factors Affecting Consumer Decision-Making in Choosing Online Food Delivery in Indonesia","Bab 1 Pendahuluan","chapters/01-pendahuluan.tex:5","perceived price, perceived usefulness, ease of use, service quality, customer satisfaction, dan trust memengaruhi repurchase intention","perceived price, perceived usefulness, ease of use, service quality, customer satisfaction, and trust influence repurchase intention","118 (PDF p.1)","verifikasi langsung dari abstrak PDF jurnal"
"verified","putri2022grabfood","Pengaruh E-service Quality dan E-trust terhadap E-satisfaction pada Pengguna Grab-Food Dari Generasi Z","Bab 1 Pendahuluan","chapters/01-pendahuluan.tex:5","e-service quality dan e-trust berpengaruh positif signifikan terhadap e-satisfaction","e-service quality had a positive and significant effect on e-satisfaction","742 (PDF p.1)","verifikasi langsung dari abstrak PDF jurnal"
"verified","santoso2023esatisfaction","The Role of E-Satisfaction on Repurchase and E-WOM Intention on The Costumers of Food Products By Local Micro and Small Businesses on The Digital Platforms","Bab 1 Pendahuluan","chapters/01-pendahuluan.tex:5","food quality dan price fairness berpengaruh signifikan terhadap e-satisfaction, dan e-satisfaction berpengaruh terhadap repurchase intention","food quality and price fairness have a significant effect on e-satisfaction","118 (PDF p.1)","verifikasi langsung dari abstrak PDF jurnal"
"verified","nurwansyah2025miegacoan","Customer Experience, E-Service Quality, and Loyality in Online Food Delivery: The Case of Mie Gacoan","Bab 1 Pendahuluan","chapters/01-pendahuluan.tex:10","customer experience dan e-service quality berpengaruh signifikan terhadap customer satisfaction dan customer loyalty","customer experience and e-service quality significantly influence customer satisfaction, which in turn impacts customer loyalty","581 (PDF p.1)","verifikasi langsung dari abstrak PDF jurnal"
"verified","kotler2021marketingmanagement","Marketing Management","Bab 2 Tinjauan Pustaka","chapters/02-tinjauan-pustaka.tex:6","strategi pemasaran ... diawali dengan pemahaman terhadap kebutuhan pasar, pemilihan konsumen sasaran, serta penciptaan nilai","creating, delivering, and communicating superior customer value","PDF p.44","verifikasi langsung dari PDF buku"
"verified","kotler2023principlesmarketing","Principles of Marketing","Bab 2 Tinjauan Pustaka","chapters/02-tinjauan-pustaka.tex:9","perusahaan dapat memutuskan siapa yang dilayani, nilai apa yang ditawarkan, dan bagaimana persepsi ingin ditanamkan","What customers will we serve ... and How can we serve these customers best","PDF p.33","verifikasi langsung dari PDF buku"
"verified","chaffey2022digitalmarketing","Digital Marketing: Strategy, Implementation and Practice","Bab 2 Tinjauan Pustaka","chapters/02-tinjauan-pustaka.tex:15","di era digital, strategi pemasaran menjadi semakin penting karena konsumen dapat membandingkan banyak pilihan","it's essential that they use digital marketing to support their business and marketing strategies","book p.5 (mirror OCR)","PDF lokal berupa scan tanpa OCR; teks diambil dari mirror OCR yang merefleksikan buku yang sama"
"verified","wirtz2024servicesmarketing","Essentials of Services Marketing","Bab 2 Tinjauan Pustaka","chapters/02-tinjauan-pustaka.tex:43","konsep 4P sering diperluas menjadi 7P dengan menambahkan people, process, dan physical evidence","introduces the 7 Ps of services marketing","PDF p.7","verifikasi langsung dari PDF buku"
"verified","londono2024engagement","Engagement and Loyalty in Mobile Applications for Restaurant Home Deliveries","Bab 2 Tinjauan Pustaka","chapters/02-tinjauan-pustaka.tex:109","platform ... bagian dari pengalaman konsumsi digital","engagement, convenience, and safety positively influence loyalty","PDF p.1","verifikasi langsung dari abstrak PDF artikel"
"verified","putri2024cikarang","Pemanfaatan Market Place GrabFood dan GoFood dalam Peningkatan Penjualan UMKM di Kecamatan Cikarang Barat","Bab 2 Tinjauan Pustaka","chapters/02-tinjauan-pustaka.tex:112","OFDA menjadi bagian penting dari strategi pemasaran digital karena membantu usaha memperluas pasar dan mempercepat transaksi","significantly helped increase sales, expand market share, and increase business visibility","105 (PDF p.1)","verifikasi langsung dari abstrak PDF jurnal"
"verified","azhari2026gofood","Digital Marketing Strategy Based On E-Service, Brand Image And Reviews For GoFood MSMEs","Bab 2 Tinjauan Pustaka","chapters/02-tinjauan-pustaka.tex:67","konsumen menilai kejelasan informasi, kecepatan pelayanan, serta ulasan dan rating toko pada aplikasi","E-Service Quality ... Brand Image ... Online Customer Reviews have a positive and significant effect on Online Purchasing Decisions","PDF p.1","verifikasi langsung dari abstrak PDF jurnal"
"verified","regina2025kuliner","Strategi Pemasaran Digital untuk Meningkatkan Penjualan UMKM Sektor Kuliner","Bab 2 Tinjauan Pustaka","chapters/02-tinjauan-pustaka.tex:86","pemasaran digital berperan dalam meningkatkan penjualan UMKM sektor kuliner","media sosial ... menjadi alat yang penting ... untuk menjangkau konsumen baru dan membangun loyalitas pelanggan","7 (PDF p.1)","verifikasi langsung dari abstrak PDF jurnal"
"verified","hidayah2021digitalplatforms","Effectiveness of Digital Platforms as Food and Beverage Marketing Media During the COVID-19 Pandemic","Bab 2 Tinjauan Pustaka","chapters/02-tinjauan-pustaka.tex:83","media sosial, marketplace, aplikasi pesan, iklan digital, dan platform online food delivery","social media ... and GrabFood and GoFood also play a significant role","122 (PDF p.1)","verifikasi langsung dari abstrak PDF jurnal"
"verified","zaheer2024ofda","Enticing Attributes of Consumers' Purchase Intention to Use Online Food Delivery Applications (OFDAs) in a Developing Country","Bab 2 Tinjauan Pustaka","chapters/02-tinjauan-pustaka.tex:118","atribut-atribut yang menarik pada aplikasi makanan dapat mendorong niat penggunaan konsumen","perceived value positively predicted consumers' purchase intentions","295 (PDF p.1)","verifikasi langsung dari abstrak PDF artikel"
"verified","firdaus2022bangkupawon","Penerapan Strategi Digital Marketing pada Penggunaan Platform GoFood, GrabFood dan ShopeeFood terhadap Peningkatan Pendapatan Bisnis Kuliner (Studi Kasus Bangku Pawon Ngaliyan)","Bab 2 Tinjauan Pustaka","chapters/02-tinjauan-pustaka.tex:112","OFDA ... membantu usaha memperluas pasar dan mempercepat transaksi","mampu meningkatkan pendapatan ... dari Rp.2.200.000 ... menjadi Rp.4.900.000","abstrak p. x (PDF p.5-10 extract)","verifikasi langsung dari abstrak PDF skripsi"
"verified","david2023strategicmanagement","Strategic Management: A Competitive Advantage Approach, Concepts and Cases","Bab 2 Tinjauan Pustaka","chapters/02-tinjauan-pustaka.tex:193","analisis lingkungan eksternal ... faktor-faktor di luar perusahaan yang dapat memengaruhi kinerja dan arah strategi usaha","External opportunities and external threats refer to ... trends and events","PDF p.41","verifikasi langsung dari PDF buku"
"verified","helms2010swotreview","Exploring SWOT Analysis -- Where Are We Now?: A Review of Academic Research from the Last Decade","Bab 2 Tinjauan Pustaka","chapters/02-tinjauan-pustaka.tex:212","matriks SWOT digunakan untuk merumuskan alternatif strategi berdasarkan kombinasi faktor internal dan eksternal","By listing favorable and unfavorable internal and external issues in the four quadrants","PDF p.2","verifikasi langsung dari PDF artikel"
"verified","gurel2017swot","SWOT Analysis: A Theoretical Review","Bab 2 Tinjauan Pustaka","chapters/02-tinjauan-pustaka.tex:209","strengths dan weaknesses berasal dari kondisi di dalam usaha, sedangkan opportunities dan threats berasal dari lingkungan di luar usaha","Strengths and weaknesses are internal factors ... opportunities and threats are external","PDF p.2","verifikasi langsung dari PDF artikel"
"verified","flick2018designingqualitative","Designing Qualitative Research","Bab 3 Metodologi Penelitian","chapters/03-metodologi-penelitian.tex:4","pendekatan kualitatif digunakan ketika peneliti ingin memahami makna, proses, konteks, dan perspektif partisipan","understand, describe and sometimes explain social phenomena 'from the inside'","PDF p.11","verifikasi langsung dari PDF buku"
"skip_incomplete_book_pdf","creswell2018qualitativeinquiry","Qualitative Inquiry and Research Design: Choosing Among Five Approaches","Bab 3 Metodologi Penelitian","chapters/03-metodologi-penelitian.tex:4","pendekatan kualitatif digunakan ketika peneliti ingin memahami makna, proses, konteks, dan perspektif partisipan","","","resource yang tersedia hanya sample chapter resmi, bukan PDF buku lengkap"
"skip_incomplete_book_pdf","patton2015qualitativeevaluation","Qualitative Research & Evaluation Methods: Integrating Theory and Practice","Bab 3 Metodologi Penelitian","chapters/03-metodologi-penelitian.tex:23","pembatasan objek dan fokus diperlukan agar pengumpulan data dan analisis tetap terarah pada fenomena inti","","","resource yang tersedia hanya katalog resmi SAGE, bukan PDF buku lengkap"
"skip_incomplete_book_pdf","miles2020qualitativedata","Qualitative Data Analysis: A Methods Sourcebook","Bab 3 Metodologi Penelitian","chapters/03-metodologi-penelitian.tex:174","reduksi data diperlukan untuk menajamkan, memfokuskan, dan menyederhanakan data agar analisis lebih terarah","","","resource yang tersedia hanya appendix resmi, bukan PDF buku lengkap"
