"code","source_code","source_type","group","value","status","theme_7p_stp","swot_category","source_file","evidence_ref","notes","analysis_use","triangulation_need","claim_level"
"PS-WPM-001","W-PM-202604","wawancara-awal-pemilik","profil-usaha","Nasi Gerilya mulai berjalan sejak September 2024 dan sejak awal diarahkan ke kanal online.","included-derived-note","Place, targeting","Strength/opportunity","interview-owner/W-PM-202604-wawancara-awal-pemilik-nasi-gerilya.tex","Tabel profil wawancara awal","Data berasal dari catatan wawancara awal yang sudah diringkas peneliti.","Konteks Bab I dan profil usaha; dasar membaca umur usaha dan orientasi kanal digital.","Validasi dengan wawancara pemilik terbaru bila tersedia.","context"
"PS-WPM-002","W-PM-202604","wawancara-awal-pemilik","kanal-penjualan","Kanal online yang digunakan adalah GrabFood, GoFood, dan ShopeeFood.","included-derived-note","Place","Strength","interview-owner/W-PM-202604-wawancara-awal-pemilik-nasi-gerilya.tex","Pertanyaan 2","Menunjukkan portofolio kanal online awal usaha.","Mendukung analisis place/distribution dan alasan fokus GrabFood.","Triangulasi dengan admin/checker dan data order platform.","context"
"PS-WPM-003","W-PM-202604","wawancara-awal-pemilik","kanal-penjualan","GrabFood disebut sebagai kanal utama dan diperkirakan menyumbang lebih dari 50 persen pendapatan penjualan.","included-derived-note","Place, targeting","Strength","interview-owner/W-PM-202604-wawancara-awal-pemilik-nasi-gerilya.tex","Pertanyaan 3; Tabel penggunaan platform","Angka bersifat keterangan pemilik, bukan laporan transaksi mentah terbaru.","Menguatkan alasan penelitian berfokus pada GrabFood.","Perlu validasi data penjualan terbaru untuk klaim kuantitatif final.","moderate"
"PS-WPM-004","W-PM-202604","wawancara-awal-pemilik","kanal-penjualan","GrabFood dinilai paling sesuai dengan segmen pelanggan Nasi Gerilya.","included-derived-note","Targeting, positioning","Opportunity","interview-owner/W-PM-202604-wawancara-awal-pemilik-nasi-gerilya.tex","Pertanyaan 3","Berupa persepsi dan pertimbangan pemilik.","Mendukung rumusan strategi targeting pada platform utama.","Cek dengan pelanggan dan data demografi/order bila tersedia.","moderate"
"PS-WPM-005","W-PM-202604","wawancara-awal-pemilik","kanal-penjualan","GoFood dinilai lebih banyak menjangkau pengguna pinggiran kota sehingga kurang sesuai dengan segmen sasaran usaha.","included-derived-note","Targeting, place","Threat/limitation","interview-owner/W-PM-202604-wawancara-awal-pemilik-nasi-gerilya.tex","Pertanyaan 4","Keterangan komparatif antar platform dari pemilik.","Mendukung batasan penelitian agar tidak melebar ke platform lain.","Perlu data platform lain bila ingin membandingkan secara final.","context"
"PS-WPM-006","W-PM-202604","wawancara-awal-pemilik","kanal-penjualan","ShopeeFood dinilai kuat pada pembeli pencari voucher, tetapi tidak selalu menghasilkan pelanggan ulang.","included-derived-note","Promotion, loyalty","Threat/limitation","interview-owner/W-PM-202604-wawancara-awal-pemilik-nasi-gerilya.tex","Pertanyaan 4","Keterangan ini menandai risiko perilaku beli berbasis diskon.","Mendukung analisis ketergantungan promo dan repeat order.","Triangulasi dengan survei pelanggan tentang voucher dan repeat order.","moderate"
"PS-WPM-007","W-PM-202604","wawancara-awal-pemilik","komposisi-pelanggan","Komposisi pelanggan online saat wawancara awal: 55 persen pelanggan baru, 38 persen repeat order, dan 7 persen reactivated user.","included-derived-note","STP, loyalty","Strength/weakness","interview-owner/W-PM-202604-wawancara-awal-pemilik-nasi-gerilya.tex","Pertanyaan 5; Tabel komposisi pelanggan","Data berupa komposisi yang disampaikan pemilik pada April 2026.","Mendukung pembacaan masalah loyalitas dan repeat order.","Perlu dokumen pelanggan terbaru untuk klaim final.","moderate"
"PS-WPM-008","W-PM-202604","wawancara-awal-pemilik","komposisi-pelanggan","Dibanding periode sebelumnya, pelanggan baru naik dari 45 persen ke 55 persen, repeat order turun dari 43 persen ke 38 persen, dan reactivated user turun dari 12 persen ke 7 persen.","included-derived-note","STP, loyalty","Weakness/opportunity","interview-owner/W-PM-202604-wawancara-awal-pemilik-nasi-gerilya.tex","Pertanyaan 5; Tabel komposisi pelanggan","Pemilik mengaitkan perubahan dengan marketing plan high season.","Menjadi dasar awal isu trial tinggi tetapi loyalitas perlu diperkuat.","Perlu data pelanggan terbaru untuk memvalidasi tren.","moderate"
"PS-WPM-009","W-PM-202604","wawancara-awal-pemilik","kekuatan-produk","Kekuatan utama menurut pemilik adalah rasa yang otentik.","included-derived-note","Product, positioning","Strength","interview-owner/W-PM-202604-wawancara-awal-pemilik-nasi-gerilya.tex","Pertanyaan 6","Klaim internal pemilik atas kualitas produk.","Masuk faktor kekuatan awal dan perlu diuji melalui pelanggan/ulasan.","Triangulasi dengan survei pelanggan, ulasan, dan wawancara dapur.","moderate"
"PS-WPM-010","W-PM-202604","wawancara-awal-pemilik","kekuatan-merek","Pemilik menilai karakter merek dan brand recognition Nasi Gerilya cukup kuat.","included-derived-note","Positioning, physical evidence","Strength","interview-owner/W-PM-202604-wawancara-awal-pemilik-nasi-gerilya.tex","Pertanyaan 6","Klaim internal tentang ingatan merek.","Mendukung analisis positioning dan peluang diferensiasi.","Triangulasi dengan pelanggan dan bukti tampilan digital.","moderate"
"PS-WPM-011","W-PM-202604","wawancara-awal-pemilik","produk-unggulan","Produk unggulan yang disebut pemilik adalah dendeng dan ayam pop putih.","included-derived-note","Product, positioning","Strength","interview-owner/W-PM-202604-wawancara-awal-pemilik-nasi-gerilya.tex","Pertanyaan 7","Menjadi kandidat hero menu awal.","Mendukung strategi product lineup dan positioning menu unggulan.","Triangulasi dengan admin, pelanggan, dan observasi menu terlaris.","strong-if-triangulated"
"PS-WPM-012","W-PM-202604","wawancara-awal-pemilik","produk-unggulan","Menu yang tampak sering dilihat atau dipesan di GrabFood mencakup rendang sapi, ayam goreng, ayam bakar, dan kikil tunjang.","included-derived-note","Product, physical evidence","Strength","interview-owner/W-PM-202604-wawancara-awal-pemilik-nasi-gerilya.tex","Pertanyaan 7","Keterangan pemilik dikaitkan dengan tampilan platform.","Mendukung pemetaan menu populer awal.","Triangulasi dengan observasi GrabFood dan data penjualan menu.","moderate"
"PS-WPM-013","W-PM-202604","wawancara-awal-pemilik","promosi","Promosi tidak hanya mengandalkan GrabFood, tetapi juga media sosial, KOL, influencer, promo platform, dan penguatan tampilan produk.","included-derived-note","Promotion, physical evidence","Opportunity","interview-owner/W-PM-202604-wawancara-awal-pemilik-nasi-gerilya.tex","Pertanyaan 8","Menunjukkan bauran promosi lintas kanal.","Mendukung strategi komunikasi pemasaran terpadu.","Perlu bukti kampanye atau dokumentasi media sosial untuk audit lebih kuat.","moderate"
"PS-WPM-014","W-PM-202604","wawancara-awal-pemilik","promosi-margin","Promo, voucher, dan program GrabFood dinilai berpengaruh pada penjualan, tetapi harus dihitung karena ada biaya, pajak, dan margin.","included-derived-note","Promotion, price","Opportunity/threat","interview-owner/W-PM-202604-wawancara-awal-pemilik-nasi-gerilya.tex","Pertanyaan 9","Menghubungkan promo dengan risiko profitabilitas.","Mendukung analisis EFAS dan rekomendasi promo yang terukur.","Triangulasi dengan data HPP/margin dan business consultant.","moderate"
"PS-WPM-015","W-PM-202604","wawancara-awal-pemilik","harga-margin","Harga dihitung ulang untuk menjaga margin dan net profit pada platform online.","included-derived-note","Price","Weakness/threat","interview-owner/W-PM-202604-wawancara-awal-pemilik-nasi-gerilya.tex","Pertanyaan 10","Menjelaskan alasan harga online terasa tinggi.","Mendukung faktor kelemahan harga dan risiko sensitivitas harga.","Perlu data harga kompetitor dan persepsi pelanggan.","moderate"
"PS-WPM-016","W-PM-202604","wawancara-awal-pemilik","kendala-platform","Kendala platform yang disebut adalah ongkir mahal, jarak layanan terbatas, dan pelanggan sensitif harga.","included-derived-note","Price, place","Threat","interview-owner/W-PM-202604-wawancara-awal-pemilik-nasi-gerilya.tex","Pertanyaan 11","Faktor eksternal yang memengaruhi konversi pembelian.","Mendukung analisis ancaman platform dan harga akhir pelanggan.","Triangulasi dengan survei pelanggan dan observasi kompetitor.","strong-if-triangulated"
"PS-WPM-017","W-PM-202604","wawancara-awal-pemilik","kendala-stok","Saat jam ramai, beberapa menu bisa sold out, perlu restock, dan kadang masih dapat dipesan sehingga pelanggan berpotensi batal.","included-derived-note","Process, product","Weakness","interview-owner/W-PM-202604-wawancara-awal-pemilik-nasi-gerilya.tex","Pertanyaan 12","Menandai masalah sinkronisasi stok-platform.","Mendukung rekomendasi update stok dan SOP menu online.","Triangulasi dengan admin/checker, dapur, observasi sold out, dan pelanggan.","strong-if-triangulated"
"PS-WPM-018","W-PM-202604","wawancara-awal-pemilik","kendala-operasional","Kapasitas penggorengan terbatas dan antrean driver dapat menumpuk saat peak hour.","included-derived-note","Process, people","Weakness","interview-owner/W-PM-202604-wawancara-awal-pemilik-nasi-gerilya.tex","Pertanyaan 12","Kendala operasional internal yang terlihat pada layanan online.","Mendukung prioritas strategi sistem antrean dan kapasitas produksi.","Triangulasi dengan admin, dapur, dan business consultant.","strong-if-triangulated"
"PS-WPM-019","W-PM-202604","wawancara-awal-pemilik","konsistensi-rasa","Konsistensi rasa masih menjadi perhatian karena sebagian cook dapat mengambil shortcut.","included-derived-note","Product, people, process","Weakness","interview-owner/W-PM-202604-wawancara-awal-pemilik-nasi-gerilya.tex","Pertanyaan 13","Keterangan sensitif tentang pengendalian proses dapur.","Mendukung faktor kelemahan kualitas dan kebutuhan SOP.","Triangulasi dengan dapur, pelanggan, dan ulasan negatif/netral.","strong-if-triangulated"
"PS-WPM-020","W-PM-202604","wawancara-awal-pemilik","keluhan-pelanggan","Keluhan pelanggan yang disebut meliputi pesanan tidak sesuai request, menu habis, dan rasa belum konsisten.","included-derived-note","Product, process, people","Weakness","interview-owner/W-PM-202604-wawancara-awal-pemilik-nasi-gerilya.tex","Pertanyaan 14","Ringkasan keluhan dari sudut pandang pemilik.","Mendukung analisis kelemahan layanan GrabFood.","Triangulasi dengan admin/checker, pelanggan, dan ulasan.","strong-if-triangulated"
"PS-WPM-021","W-PM-202604","wawancara-awal-pemilik","evaluasi-ulasan","Review pelanggan diperhatikan sebagai bahan evaluasi rasa, kesesuaian pesanan, dan ketersediaan menu.","included-derived-note","Control, physical evidence","Strength/opportunity","interview-owner/W-PM-202604-wawancara-awal-pemilik-nasi-gerilya.tex","Pertanyaan 15","Menunjukkan adanya mekanisme pembelajaran dari platform.","Mendukung rekomendasi monitoring ulasan secara rutin.","Triangulasi dengan observasi ulasan dan SOP tindak lanjut komplain.","moderate"
"PS-WPM-022","W-PM-202604","wawancara-awal-pemilik","peluang-platform","Peluang peningkatan penjualan berada pada upselling, product lineup, voucher, verified store, awards, dan program GrabFood.","included-derived-note","Product, promotion, physical evidence","Opportunity","interview-owner/W-PM-202604-wawancara-awal-pemilik-nasi-gerilya.tex","Pertanyaan 16","Peluang internal dan eksternal yang dapat dimasukkan ke strategi SO/WO.","Mendukung perumusan alternatif strategi GrabFood.","Triangulasi dengan business consultant dan survei pelanggan.","strong-if-triangulated"
"PS-WPM-023","W-PM-202604","wawancara-awal-pemilik","peluang-ekspansi","Pemilik ingin memperkuat kualitas, layanan, product lineup, identitas brand, lalu membuka cabang di Medan dan jangka panjang ke Jakarta.","included-derived-note","Strategy, positioning","Opportunity","interview-owner/W-PM-202604-wawancara-awal-pemilik-nasi-gerilya.tex","Pertanyaan 18","Rencana jangka panjang, bukan bukti hasil implementasi.","Mendukung bagian rekomendasi strategi bertahap.","Perlu diposisikan sebagai rencana, bukan kondisi yang sudah terjadi.","context"
"PS-WPM-024","W-PM-202604","wawancara-awal-pemilik","ancaman-persaingan","Ancaman yang dirasakan berasal dari pesaing baru dengan brand recognition kuat seperti Pagi Sore dan Payakumbuah, serta beban promo dan sensitivitas harga.","included-derived-note","Competition, price, promotion","Threat","interview-owner/W-PM-202604-wawancara-awal-pemilik-nasi-gerilya.tex","Pertanyaan 17","Menggabungkan ancaman kompetitor dan sistem platform.","Mendukung EFAS ancaman kompetisi dan biaya platform.","Triangulasi dengan observasi kompetitor dan pelanggan.","strong-if-triangulated"
"PS-GF-001","O-GF-20260404","observasi-grabfood","rating-reputasi","Rating Nasi Gerilya pada observasi 04 April 2026 adalah 4.7 dari 5.0 dengan 4,361 penilaian.","included-visual-evidence","Physical evidence, positioning","Strength","grabfood-observation/O-GF-20260404-rating-reviews.jpeg","PA-GF-01","Bukti visual tersedia pada crop PA-GF-01.","Mendukung reputasi digital awal dan kepercayaan pelanggan.","Perlu bandingkan dengan observasi 13 Juni 2026 untuk perubahan terbaru.","strong-if-updated"
"PS-GF-002","O-GF-20260404","observasi-grabfood","harga","Rentang harga pada halaman GrabFood awal adalah Rp11,000 untuk Nasi Putih sampai Rp72,000 untuk Nasi Padang Kari Kambing Gerilya.","included-visual-evidence","Price, product","Strength/weakness","grabfood-observation/O-GF-20260404-menu-price-01.jpeg","PA-HRG-01; PA-HRG-02","Rentang belum memasukkan menu premium kepala ikan yang berada pada kategori berbeda.","Mendukung analisis rentang harga dan sensitivitas harga.","Triangulasi dengan persepsi pelanggan dan harga kompetitor.","moderate"
"PS-GF-003","O-GF-20260404","observasi-grabfood","menu-teratas","Menu teratas yang dicatat: Nasi Padang Rendang Sapi, Ayam Goreng, Ayam Bakar, dan Nasi Bakar Kikil Tunjang.","included-visual-evidence","Product, positioning","Strength","grabfood-observation/O-GF-20260404-menu-price-01.jpeg","Tabel data utama observasi GrabFood","Menu ini menjadi indikator awal daya tarik produk di platform.","Mendukung pemilihan hero menu dan product lineup.","Triangulasi dengan data pesanan, admin, dan pelanggan.","moderate"
"PS-GF-004","O-GF-20260404","observasi-grabfood","promosi","Promo GrabFood yang tampak: Diskon Rp8,000 Jajan Hemat, diskon 25 persen maksimal Rp100,000, dan diskon 15 persen Group Order.","included-visual-evidence","Promotion, price","Opportunity","grabfood-observation/O-GF-20260404-rating-reviews.jpeg","Tabel data utama observasi GrabFood","Bukti adanya stimulus promosi awal pada platform.","Mendukung analisis pengaruh promo terhadap keputusan beli.","Triangulasi dengan pelanggan dan margin/HPP.","moderate"
"PS-GF-005","O-GF-20260404","observasi-grabfood","promosi-bank","Promo bank yang tampak meliputi Raya, BTN, BSI, Mega, Mega Syariah, SBI, OCBC, Danamon, dan Muamalat.","included-visual-evidence","Promotion","Opportunity","grabfood-observation/O-GF-20260404-rating-reviews.jpeg","Tabel data utama observasi GrabFood","Daftar promo ini bersifat kondisi saat observasi.","Mendukung peluang kolaborasi promo pembayaran.","Perlu cek ketersediaan promo terbaru sebelum klaim final.","context"
"PS-GF-006","O-GF-20260404","observasi-grabfood","menu-harga-utama","Nasi Padang Dendeng Sapi Bakar Gerilya tercatat Rp56,000.","included-visual-evidence","Product, price","Strength","grabfood-observation/O-GF-20260404-menu-price-01.jpeg","PA-HRG-01","Menu ini sejalan dengan produk unggulan dendeng dari wawancara awal.","Mendukung analisis hero menu dan harga menu utama.","Triangulasi dengan pelanggan/admin mengenai frekuensi pembelian.","moderate"
"PS-GF-007","O-GF-20260404","observasi-grabfood","menu-harga-utama","Nasi Padang Kikil Tunjang Gulai Gerilya tercatat Rp68,000.","included-visual-evidence","Product, price","Strength/weakness","grabfood-observation/O-GF-20260404-menu-price-01.jpeg","PA-HRG-01","Harga termasuk tinggi dalam menu utama.","Mendukung analisis variasi menu premium pada paket nasi.","Triangulasi dengan persepsi harga pelanggan.","moderate"
"PS-GF-008","O-GF-20260404","observasi-grabfood","menu-harga-utama","Nasi Padang Ayam Goreng Bumbu Gerilya tercatat Rp45,000.","included-visual-evidence","Product, price","Strength","grabfood-observation/O-GF-20260404-menu-price-01.jpeg","PA-HRG-01","Menu ayam goreng juga disebut dalam data menu teratas.","Mendukung strategi mempertahankan menu populer.","Triangulasi dengan admin dan pelanggan.","moderate"
"PS-GF-009","O-GF-20260404","observasi-grabfood","menu-harga-utama","Nasi Padang Gulai Ayam Kalasan Gerilya tercatat Rp46,000.","included-visual-evidence","Product, price","Strength","grabfood-observation/O-GF-20260404-menu-price-01.jpeg","PA-HRG-01","Varian ayam berkuah memperkaya pilihan produk.","Mendukung analisis variasi menu dalam product lineup.","Triangulasi dengan data pesanan menu.","context"
"PS-GF-010","O-GF-20260404","observasi-grabfood","menu-harga-utama","Nasi Padang Ayam Bakar Gerilya tercatat Rp45,000.","included-visual-evidence","Product, price","Strength","grabfood-observation/O-GF-20260404-menu-price-01.jpeg","PA-HRG-01","Termasuk menu teratas pada observasi.","Mendukung analisis menu populer dan harga kompetitif internal.","Triangulasi dengan admin dan pelanggan.","moderate"
"PS-GF-011","O-GF-20260404","observasi-grabfood","menu-harga-utama","Nasi Padang Udang Goreng Panas Gerilya tercatat Rp58,000.","included-visual-evidence","Product, price","Strength/weakness","grabfood-observation/O-GF-20260404-menu-price-01.jpeg","PA-HRG-01","Menu seafood dengan harga di atas menu ayam.","Mendukung pembacaan variasi premium menengah.","Triangulasi dengan keluhan kualitas bahan seafood bila muncul.","context"
"PS-GF-012","O-GF-20260404","observasi-grabfood","menu-harga-utama","Nasi Padang Ikan Lele Goreng Panas Gerilya tercatat Rp39,000.","included-visual-evidence","Product, price","Strength","grabfood-observation/O-GF-20260404-menu-price-01.jpeg","PA-HRG-01","Salah satu paket nasi harga menengah-rendah.","Mendukung opsi paket relatif lebih terjangkau.","Triangulasi dengan harga kompetitor.","context"
"PS-GF-013","O-GF-20260404","observasi-grabfood","menu-harga-utama","Nasi Padang Ikan Gembung Goreng Gerilya tercatat Rp50,000.","included-visual-evidence","Product, price","Strength","grabfood-observation/O-GF-20260404-menu-price-01.jpeg","PA-HRG-01","Variasi ikan dalam paket nasi.","Mendukung analisis keragaman produk ikan.","Triangulasi dengan data pesanan menu.","context"
"PS-GF-014","O-GF-20260404","observasi-grabfood","menu-harga-utama","Nasi Padang Ikan Nila Goreng Gerilya tercatat Rp43,000.","included-visual-evidence","Product, price","Strength","grabfood-observation/O-GF-20260404-menu-price-01.jpeg","PA-HRG-01","Menu ikan dengan harga menengah.","Mendukung analisis opsi menu selain ayam dan daging.","Triangulasi dengan harga kompetitor.","context"
"PS-GF-015","O-GF-20260404","observasi-grabfood","menu-harga-utama","Nasi Padang Ikan Nila Bakar Bumbu Gerilya tercatat Rp50,000.","included-visual-evidence","Product, price","Strength","grabfood-observation/O-GF-20260404-menu-price-01.jpeg","PA-HRG-01","Variasi cara masak untuk ikan nila.","Mendukung diferensiasi variasi rasa/menu.","Triangulasi dengan pelanggan.","context"
"PS-GF-016","O-GF-20260404","observasi-grabfood","menu-harga-utama","Nasi Padang Ikan Kakap Goreng Panas Gerilya tercatat Rp48,000.","included-visual-evidence","Product, price","Strength","grabfood-observation/O-GF-20260404-menu-price-01.jpeg","PA-HRG-01","Varian kakap dalam menu nasi Padang.","Mendukung analisis keragaman lauk.","Triangulasi dengan data menu terjual.","context"
"PS-GF-017","O-GF-20260404","observasi-grabfood","menu-harga-utama","Nasi Padang Telur Gulai Gerilya tercatat Rp32,000.","included-visual-evidence","Product, price","Opportunity","grabfood-observation/O-GF-20260404-menu-price-01.jpeg","PA-HRG-01","Paket nasi dengan harga lebih rendah dibanding lauk utama daging/ikan.","Mendukung peluang paket hemat untuk pelanggan sensitif harga.","Triangulasi dengan permintaan paket hemat dari pelanggan.","moderate"
"PS-GF-018","O-GF-20260404","observasi-grabfood","menu-harga-utama","Nasi Padang Berkedel Kentang Gerilya tercatat Rp37,400.","included-visual-evidence","Product, price","Opportunity","grabfood-observation/O-GF-20260404-menu-price-01.jpeg","PA-HRG-01","Opsi lauk non-daging dengan harga menengah.","Mendukung variasi paket hemat/pendamping.","Triangulasi dengan data permintaan pelanggan.","context"
"PS-GF-019","O-GF-20260404","observasi-grabfood","menu-harga-utama","Nasi Padang Sayur Polos Gerilya tercatat Rp27,500.","included-visual-evidence","Product, price","Opportunity","grabfood-observation/O-GF-20260404-menu-price-01.jpeg","PA-HRG-01","Paket nasi paling murah dalam kelompok nasi Padang yang tercatat.","Mendukung strategi pilihan entry price.","Triangulasi dengan keputusan beli pelanggan sensitif harga.","moderate"
"PS-GF-020","O-GF-20260404","observasi-grabfood","menu-harga-utama","Nasi Padang Gembung Kuring Bakar Gerilya tercatat Rp47,850.","included-visual-evidence","Product, price","Strength","grabfood-observation/O-GF-20260404-menu-price-01.jpeg","PA-HRG-01","Variasi ikan bakar dalam kategori utama.","Mendukung variasi produk dan price ladder.","Triangulasi dengan data menu terjual.","context"
"PS-GF-021","O-GF-20260404","observasi-grabfood","menu-harga-utama","Nasi Padang Kari Kambing Gerilya tercatat Rp72,000.","included-visual-evidence","Product, price","Strength/weakness","grabfood-observation/O-GF-20260404-menu-price-01.jpeg","PA-HRG-01","Harga tertinggi dalam kelompok paket nasi utama.","Mendukung analisis menu premium dan risiko persepsi mahal.","Triangulasi dengan pelanggan dan margin.","moderate"
"PS-GF-022","O-GF-20260404","observasi-grabfood","menu-harga-utama","Nasi Padang Ayam Pop Sauce Creamy Gerilya tercatat Rp46,000.","included-visual-evidence","Product, positioning","Strength","grabfood-observation/O-GF-20260404-menu-price-01.jpeg","PA-HRG-01","Terkait hero menu ayam pop yang disebut pemilik dan business consultant.","Mendukung strategi hero menu ayam pop.","Triangulasi dengan pelanggan dan admin.","strong-if-triangulated"
"PS-GF-023","O-GF-20260404","observasi-grabfood","menu-harga-utama","Nasi Padang Rendang Sapi Gerilya tercatat Rp56,000.","included-visual-evidence","Product, price","Strength","grabfood-observation/O-GF-20260404-menu-price-01.jpeg","PA-HRG-01","Termasuk menu teratas pada observasi.","Mendukung analisis daya tarik menu klasik Padang.","Triangulasi dengan admin dan pelanggan.","moderate"
"PS-GF-024","O-GF-20260404","observasi-grabfood","menu-harga-utama","Nasi Padang Ayam Rendang Gerilya tercatat Rp46,000.","included-visual-evidence","Product, price","Strength","grabfood-observation/O-GF-20260404-menu-price-01.jpeg","PA-HRG-01","Variasi ayam dengan bumbu rendang.","Mendukung variasi rasa dan diferensiasi menu.","Triangulasi dengan data menu terjual.","context"
"PS-GF-025","O-GF-20260404","observasi-grabfood","menu-harga-utama","Nasi Padang Cumi Nagih Gerilya tercatat Rp70,000.","included-visual-evidence","Product, price","Strength/weakness","grabfood-observation/O-GF-20260404-menu-price-01.jpeg","PA-HRG-01","Menu seafood harga tinggi.","Mendukung analisis menu premium dan risiko persepsi harga.","Triangulasi dengan pelanggan dan ulasan kualitas.","moderate"
"PS-GF-026","O-GF-20260404","observasi-grabfood","menu-harga-utama","Nasi Padang Ikan Marlin Goreng Gerilya tercatat Rp51,500.","included-visual-evidence","Product, price","Strength","grabfood-observation/O-GF-20260404-menu-price-06.jpeg","PA-HRG-02","Varian ikan pada kelanjutan daftar menu utama.","Mendukung keragaman produk ikan.","Triangulasi dengan admin karena marlin disebut sering dipesan pada data lapangan.","moderate"
"PS-GF-027","O-GF-20260404","observasi-grabfood","menu-harga-utama","Nasi Padang Ikan Tongkol Tuna Goreng Panas Gerilya tercatat Rp48,000.","included-visual-evidence","Product, price","Strength","grabfood-observation/O-GF-20260404-menu-price-06.jpeg","PA-HRG-02","Menu ikan harga menengah.","Mendukung keragaman product lineup.","Triangulasi dengan data pesanan menu.","context"
"PS-GF-028","O-GF-20260404","observasi-grabfood","menu-harga-utama","Nasi Padang Kakap Muncung Gulai Kuning Gerilya tercatat Rp51,150.","included-visual-evidence","Product, price","Strength","grabfood-observation/O-GF-20260404-menu-price-06.jpeg","PA-HRG-02","Varian kakap gulai kuning.","Mendukung keragaman menu ikan berkuah.","Triangulasi dengan data pesanan menu.","context"
"PS-GF-029","O-GF-20260404","observasi-grabfood","menu-harga-utama","Nasi Padang Kakap Merah Gulai Kuning Gerilya tercatat Rp69,300.","included-visual-evidence","Product, price","Strength/weakness","grabfood-observation/O-GF-20260404-menu-price-06.jpeg","PA-HRG-02","Harga tinggi dalam varian ikan.","Mendukung analisis price ladder dan menu premium.","Triangulasi dengan pelanggan dan margin.","context"
"PS-GF-030","O-GF-20260404","observasi-grabfood","menu-harga-utama","Nasi Padang Telur Dadar Gerilya tercatat Rp32,000.","included-visual-evidence","Product, price","Opportunity","grabfood-observation/O-GF-20260404-menu-price-06.jpeg","PA-HRG-02","Paket alternatif harga lebih rendah.","Mendukung peluang paket hemat dan entry menu.","Triangulasi dengan pelanggan sensitif harga.","moderate"
"PS-GF-031","O-GF-20260404","observasi-grabfood","pesanan-tambahan","Pesanan tambahan mencakup jangek, keripik kentang balado, telur gulai, perkedel, nasi putih, sate rendang jengkol, dan telur dadar sayur dengan harga Rp7,700 sampai Rp27,500.","included-visual-evidence","Product, price, upselling","Opportunity","grabfood-observation/O-GF-20260404-menu-price-06.jpeg","PA-HRG-02","Kategori ini memberi peluang add-on bernilai rendah-menengah.","Mendukung strategi upselling dan peningkatan AOV.","Triangulasi dengan data AOV dan pelanggan.","moderate"
"PS-GF-032","O-GF-20260404","observasi-grabfood","lauk-tambahan","Lauk tambahan memiliki rentang harga sekitar Rp27,000 sampai Rp67,500, termasuk ayam, dendeng, rendang, kikil, ikan, cumi, dan kari kambing.","included-visual-evidence","Product, price, upselling","Opportunity","grabfood-observation/O-GF-20260404-menu-price-06.jpeg","PA-HRG-02; PA-HRG-03","Kategori lauk tambahan memperluas peluang pembelian lebih dari satu lauk.","Mendukung strategi bundling/upselling.","Triangulasi dengan AOV dan pelanggan.","moderate"
"PS-GF-033","O-GF-20260404","observasi-grabfood","sambal","Sambal hijau dan sambal merah masing-masing tercatat Rp17,500.","included-visual-evidence","Product, price","Opportunity","grabfood-observation/O-GF-20260404-menu-price-13.jpeg","PA-HRG-03","Add-on sambal dapat menjadi pendorong nilai transaksi kecil.","Mendukung strategi add-on murah pada GrabFood.","Triangulasi dengan preferensi pelanggan.","context"
"PS-GF-034","O-GF-20260404","observasi-grabfood","sambal-kemasan","Sambal kemasan Gerilya terdiri dari beberapa varian dengan harga seragam Rp38,500.","included-visual-evidence","Product, physical evidence, upselling","Opportunity","grabfood-observation/O-GF-20260404-menu-price-13.jpeg","PA-HRG-03; PA-HRG-04","Produk kemasan memperluas penawaran di luar menu makan utama.","Mendukung peluang cross-selling dan identitas merek.","Triangulasi dengan data penjualan produk kemasan.","moderate"
"PS-GF-035","O-GF-20260404","observasi-grabfood","kuah-tambahan","Kuah tambahan tersedia dengan harga rendah, yaitu Rp2,500 untuk kuah campur dan Rp1,100 untuk kuah gulai kuning.","included-visual-evidence","Product, price, process","Opportunity","grabfood-observation/O-GF-20260404-menu-price-14.jpeg","PA-HRG-04","Item kecil dapat memperbaiki kepuasan pesanan berkuah.","Mendukung detail menu dan opsi request yang lebih jelas.","Triangulasi dengan keluhan kuah/sambal terpisah.","context"
"PS-GF-036","O-GF-20260404","observasi-grabfood","minuman","Minuman segar dan panas tersedia pada rentang sekitar Rp13,200 sampai Rp26,400.","included-visual-evidence","Product, upselling","Opportunity","grabfood-observation/O-GF-20260404-menu-price-14.jpeg","PA-HRG-04; PA-HRG-05","Minuman dapat digunakan sebagai add-on transaksi.","Mendukung rekomendasi paket makan plus minuman.","Triangulasi dengan AOV dan permintaan pelanggan.","context"
"PS-GF-037","O-GF-20260404","observasi-grabfood","menu-premium","Menu premium kepala ikan tersedia dengan harga Rp248,050 untuk ukuran M dan Rp275,000 untuk ukuran L.","included-visual-evidence","Product, price","Strength/weakness","grabfood-observation/O-GF-20260404-menu-price-17.jpeg","PA-HRG-05","Harga jauh di atas paket nasi biasa sehingga perlu positioning khusus.","Mendukung analisis menu premium dan segmentasi khusus.","Triangulasi dengan data pesanan dan margin.","context"
"PS-GF-038","O-GF-20260404","observasi-grabfood","kompetitor-awal","Observasi awal juga mencatat RM Padang Paripurna dan RM Padang Dendeng Batokok sebagai pembanding awal.","included-derived-note","Competition, positioning","Threat","appendices/01-observasi-grabfood-nasi-gerilya-dan-kompetitor.tex","Narasi pembuka lampiran observasi","Data pembanding awal bersifat konteks latar belakang.","Mendukung Bab I dan pemilihan kompetitor observasi utama.","Triangulasi dengan observasi kompetitor Juni 2026.","context"
"PS-GF-039","O-GF-20260404","observasi-grabfood","indeks-bukti-visual","Terdapat enam crop bukti prasurvey: rating-ulasan, menu utama, pesanan tambahan, sambal kemasan, kuah-minuman, dan menu premium.","included-visual-evidence","Physical evidence","Evidence index","grabfood-observation/cropped/PA-GF-20260404-crop-index.csv","PA-GF-01; PA-HRG-01--PA-HRG-05","Crop index sudah memuat koordinat dan path crop.","Menjadi audit trail visual untuk lampiran dan rekap prasurvey.","Verifikasi visual diperlukan bila crop akan dipakai ulang di lampiran final.","strong"
"PS-KIN-001","D-KIN-20260427","dokumentasi-kinerja","penjualan-bulanan","Penjualan Desember 2024 tercatat 6,702 bungkus.","included-derived-table","Performance","Context","performance-data/D-KIN-20260427-competitor-internal-grab.xlsx","Tabel jumlah penjualan bulanan","Angka disajikan ulang dari dokumentasi kinerja yang sudah masuk lampiran.","Mendukung baseline awal sebelum kenaikan penjualan 2025.","Perlu file transaksi asli jika diminta audit kuantitatif penuh.","moderate"
"PS-KIN-002","D-KIN-20260427","dokumentasi-kinerja","penjualan-bulanan","Penjualan Januari 2025 tercatat 8,740 bungkus, naik 30.4 persen dari Desember 2024.","included-derived-table","Performance","Strength","performance-data/D-KIN-20260427-competitor-internal-grab.xlsx","Tabel jumlah penjualan bulanan","Menunjukkan pertumbuhan awal.","Mendukung konteks momentum awal usaha.","Perlu verifikasi dari workbook/grafik sumber untuk audit angka.","moderate"
"PS-KIN-003","D-KIN-20260427","dokumentasi-kinerja","penjualan-bulanan","Penjualan Februari 2025 tercatat 8,911 bungkus, naik 2.0 persen dari Januari 2025.","included-derived-table","Performance","Strength","performance-data/D-KIN-20260427-competitor-internal-grab.xlsx","Tabel jumlah penjualan bulanan","Pertumbuhan melambat setelah Januari.","Mendukung pembacaan tren bulanan awal.","Perlu verifikasi dari workbook/grafik sumber untuk audit angka.","moderate"
"PS-KIN-004","D-KIN-20260427","dokumentasi-kinerja","penjualan-bulanan","Penjualan Maret 2025 tercatat 16,590 bungkus, naik 86.2 persen dari Februari 2025.","included-derived-table","Performance","Strength/opportunity","performance-data/D-KIN-20260427-competitor-internal-grab.xlsx","Tabel jumlah penjualan bulanan","Maret 2025 menjadi puncak dalam seri data penjualan bulanan.","Mendukung analisis pengaruh high season atau promosi, jika ada bukti pendukung.","Perlu triangulasi penyebab lonjakan dengan pemilik/data promosi.","moderate"
"PS-KIN-005","D-KIN-20260427","dokumentasi-kinerja","penjualan-bulanan","Penjualan April 2025 tercatat 15,129 bungkus, turun 8.8 persen dari Maret 2025.","included-derived-table","Performance","Weakness/threat","performance-data/D-KIN-20260427-competitor-internal-grab.xlsx","Tabel jumlah penjualan bulanan","Penurunan pasca puncak Maret.","Mendukung pembacaan stabilitas penjualan setelah lonjakan.","Perlu data penyebab penurunan untuk klaim kausal.","moderate"
"PS-KIN-006","D-KIN-20260427","dokumentasi-kinerja","penjualan-bulanan","Penjualan Mei 2025 tercatat 14,580 bungkus, turun 3.6 persen dari April 2025.","included-derived-table","Performance","Weakness/threat","performance-data/D-KIN-20260427-competitor-internal-grab.xlsx","Tabel jumlah penjualan bulanan","Penurunan berlanjut setelah April.","Mendukung identifikasi tren melemah.","Perlu triangulasi dengan kondisi promosi/harga.","moderate"
"PS-KIN-007","D-KIN-20260427","dokumentasi-kinerja","penjualan-bulanan","Penjualan Juni 2025 tercatat 13,467 bungkus, turun 7.6 persen dari Mei 2025.","included-derived-table","Performance","Weakness/threat","performance-data/D-KIN-20260427-competitor-internal-grab.xlsx","Tabel jumlah penjualan bulanan","Penurunan tiga bulan berturut setelah Maret.","Mendukung urgensi strategi peningkatan penjualan.","Perlu data pelanggan/kompetitor untuk menjelaskan sebab.","moderate"
"PS-KIN-008","D-KIN-20260427","dokumentasi-kinerja","penjualan-bulanan","Penjualan Juli 2025 tercatat 14,633 bungkus, naik 8.7 persen dari Juni 2025.","included-derived-table","Performance","Opportunity","performance-data/D-KIN-20260427-competitor-internal-grab.xlsx","Tabel jumlah penjualan bulanan","Terdapat rebound sementara pada Juli.","Mendukung pembacaan bahwa pemulihan dapat terjadi tetapi belum stabil.","Perlu data promosi/operasional periode Juli.","moderate"
"PS-KIN-009","D-KIN-20260427","dokumentasi-kinerja","penjualan-bulanan","Penjualan Agustus 2025 tercatat 14,259 bungkus, turun 2.6 persen dari Juli 2025.","included-derived-table","Performance","Weakness/threat","performance-data/D-KIN-20260427-competitor-internal-grab.xlsx","Tabel jumlah penjualan bulanan","Penurunan kecil setelah rebound Juli.","Mendukung tren penjualan yang belum stabil.","Perlu data pembanding kompetitor.","moderate"
"PS-KIN-010","D-KIN-20260427","dokumentasi-kinerja","penjualan-bulanan","Penjualan September 2025 tercatat 14,034 bungkus, turun 1.6 persen dari Agustus 2025.","included-derived-table","Performance","Weakness/threat","performance-data/D-KIN-20260427-competitor-internal-grab.xlsx","Tabel jumlah penjualan bulanan","Masih menunjukkan pelemahan bertahap.","Mendukung latar masalah penurunan penjualan.","Perlu triangulasi dengan indeks kompetitor.","moderate"
"PS-KIN-011","D-KIN-20260427","dokumentasi-kinerja","penjualan-bulanan","Penjualan Oktober 2025 tercatat 13,009 bungkus, turun 7.3 persen dari September 2025.","included-derived-table","Performance","Weakness/threat","performance-data/D-KIN-20260427-competitor-internal-grab.xlsx","Tabel jumlah penjualan bulanan","Penurunan lebih tajam pada Oktober.","Mendukung argumen perlunya strategi perbaikan.","Perlu cek hubungan dengan kompetitor dan promo.","moderate"
"PS-KIN-012","D-KIN-20260427","dokumentasi-kinerja","penjualan-bulanan","Penjualan November 2025 tercatat 12,900 bungkus, turun 0.8 persen dari Oktober 2025.","included-derived-table","Performance","Weakness/threat","performance-data/D-KIN-20260427-competitor-internal-grab.xlsx","Tabel jumlah penjualan bulanan","Akhir seri data masih berada di bawah Juli-Oktober awal.","Mendukung konteks masalah performa penjualan.","Perlu data 2026 untuk klaim kondisi terbaru.","moderate"
"PS-KIN-013","D-KIN-20260427","dokumentasi-kinerja","penjualan-tren","Seri Desember 2024 sampai November 2025 menunjukkan puncak Maret 2025 lalu cenderung melemah sampai November 2025.","included-derived-analysis","Performance","Weakness/threat","appendices/03-dokumentasi-indeks-kinerja-nasi-gerilya-dan-kompetitor-grabfood.tex","Tabel jumlah penjualan bulanan","Ini interpretasi deskriptif dari tabel, bukan penyebab kausal.","Mendukung urgensi Bab I dan pembacaan IFAS/EFAS.","Perlu data terbaru untuk menyatakan tren saat penelitian utama.","moderate"
"PS-KIN-014","D-KIN-20260427","dokumentasi-kinerja","aov","Indeks AOV Juli 2025 ditetapkan sebagai basis 100.0.","included-derived-table","Performance, price","Context","performance-data/D-KIN-20260427-competitor-internal-grab.xlsx","Tabel indeks AOV","Basis indeks untuk membaca perubahan nilai transaksi.","Mendukung penjelasan metode indeks.","Tidak perlu triangulasi substantif selain sumber data.","context"
"PS-KIN-015","D-KIN-20260427","dokumentasi-kinerja","aov","Indeks AOV Agustus 2025 sebesar 102.0 atau naik 2.0 persen dari Juli 2025.","included-derived-table","Performance, price","Opportunity","performance-data/D-KIN-20260427-competitor-internal-grab.xlsx","Tabel indeks AOV","Nilai transaksi rata-rata mulai meningkat.","Mendukung peluang upselling atau perubahan basket size.","Perlu data item order untuk mengetahui penyebab.","moderate"
"PS-KIN-016","D-KIN-20260427","dokumentasi-kinerja","aov","Indeks AOV September 2025 sebesar 107.9 atau naik 5.8 persen dari Agustus 2025.","included-derived-table","Performance, price","Opportunity","performance-data/D-KIN-20260427-competitor-internal-grab.xlsx","Tabel indeks AOV","Pertumbuhan AOV berlanjut.","Mendukung strategi add-on dan paket menu.","Perlu triangulasi dengan data menu tambahan/minuman.","moderate"
"PS-KIN-017","D-KIN-20260427","dokumentasi-kinerja","aov","Indeks AOV Oktober 2025 sebesar 110.0 atau naik 1.9 persen dari September 2025.","included-derived-table","Performance, price","Opportunity","performance-data/D-KIN-20260427-competitor-internal-grab.xlsx","Tabel indeks AOV","AOV tetap naik walau pertumbuhan melambat.","Mendukung potensi nilai transaksi meski penjualan bungkus melemah.","Perlu melihat jumlah order agar tidak salah interpretasi.","moderate"
"PS-KIN-018","D-KIN-20260427","dokumentasi-kinerja","aov","Indeks AOV November 2025 sebesar 114.5 atau naik 4.1 persen dari Oktober 2025.","included-derived-table","Performance, price","Opportunity","performance-data/D-KIN-20260427-competitor-internal-grab.xlsx","Tabel indeks AOV","AOV tertinggi pada seri Juli-November 2025.","Mendukung peluang meningkatkan omzet lewat basket size, bukan hanya volume.","Perlu cek apakah kenaikan karena harga, add-on, atau menu premium.","moderate"
"PS-KIN-019","D-KIN-20260427","dokumentasi-kinerja","kunjungan","Indeks kunjungan harian September 2025 ditetapkan sebagai basis 100.0.","included-derived-table","Performance, place","Context","performance-data/D-KIN-20260427-competitor-internal-grab.xlsx","Tabel indeks kunjungan harian","Basis indeks untuk trafik/kunjungan.","Mendukung penjelasan metode indeks kunjungan.","Tidak perlu triangulasi substantif selain sumber data.","context"
"PS-KIN-020","D-KIN-20260427","dokumentasi-kinerja","kunjungan","Indeks kunjungan harian Oktober 2025 sebesar 116.5 atau naik 16.5 persen dari September 2025.","included-derived-table","Performance, place","Opportunity","performance-data/D-KIN-20260427-competitor-internal-grab.xlsx","Tabel indeks kunjungan harian","Trafik meningkat cukup tajam pada Oktober.","Mendukung peluang konversi jika tampilan/menu/promo efektif.","Perlu data conversion rate untuk klaim efektivitas.","moderate"
"PS-KIN-021","D-KIN-20260427","dokumentasi-kinerja","kunjungan","Indeks kunjungan harian November 2025 sebesar 130.7 atau naik 12.2 persen dari Oktober 2025.","included-derived-table","Performance, place","Opportunity/weakness","performance-data/D-KIN-20260427-competitor-internal-grab.xlsx","Tabel indeks kunjungan harian","Kunjungan naik ketika penjualan bulanan masih melemah, sehingga isu konversi perlu diperiksa.","Mendukung analisis masalah konversi dari trafik ke pembelian.","Perlu data conversion dan alasan pelanggan tidak jadi beli.","moderate"
"PS-KIN-022","D-KIN-20260427","dokumentasi-kinerja","kompetitor-index","Koto Gadang memiliki indeks 100.0, 105.1, 86.2, 94.2 pada Juli-Oktober 2025, perubahan akhir -5.8 persen.","included-derived-table","Competition","Threat/context","performance-data/D-KIN-20260427-competitor-internal-grab.xlsx","Tabel indeks kompetitor","Kompetitor pembanding mengalami penurunan ringan.","Mendukung peta posisi kompetitif.","Perlu definisi metrik indeks kompetitor bila masuk analisis final.","moderate"
"PS-KIN-023","D-KIN-20260427","dokumentasi-kinerja","kompetitor-index","Pondok Krakatau memiliki indeks 100.0, 110.1, 89.0, 107.5 pada Juli-Oktober 2025, perubahan akhir +7.5 persen.","included-derived-table","Competition","Threat","performance-data/D-KIN-20260427-competitor-internal-grab.xlsx","Tabel indeks kompetitor","Kompetitor dekat menunjukkan pertumbuhan akhir positif.","Mendukung ancaman kompetitor yang mampu pulih.","Triangulasi dengan wawancara/observasi Pondok Krakatau.","strong-if-triangulated"
"PS-KIN-024","D-KIN-20260427","dokumentasi-kinerja","kompetitor-index","Uda Sayang memiliki indeks 100.0, 94.1, 89.0, 88.9 pada Juli-Oktober 2025, perubahan akhir -11.1 persen.","included-derived-table","Competition","Context","performance-data/D-KIN-20260427-competitor-internal-grab.xlsx","Tabel indeks kompetitor","Menjadi pembanding kompetitor yang juga turun.","Mendukung perbandingan bahwa tidak semua kompetitor tumbuh.","Perlu triangulasi jika dipakai sebagai faktor ancaman utama.","context"
"PS-KIN-025","D-KIN-20260427","dokumentasi-kinerja","kompetitor-index","Dendeng Batokok memiliki indeks 100.0, 104.1, 85.2, 95.1 pada Juli-Oktober 2025, perubahan akhir -4.9 persen.","included-derived-table","Competition","Threat/context","performance-data/D-KIN-20260427-competitor-internal-grab.xlsx","Tabel indeks kompetitor","Kompetitor dekat tidak tumbuh pada akhir periode, tetapi tetap relevan karena jaraknya paling dekat.","Mendukung konteks kompetisi lokal.","Triangulasi dengan observasi GrabFood Dendeng Batokok.","moderate"
"PS-KIN-026","D-KIN-20260427","dokumentasi-kinerja","kompetitor-index","Istana Krakatau memiliki indeks 100.0, 119.2, 108.4, 119.3 pada Juli-Oktober 2025, perubahan akhir +19.3 persen.","included-derived-table","Competition","Threat","performance-data/D-KIN-20260427-competitor-internal-grab.xlsx","Tabel indeks kompetitor","Pertumbuhan tertinggi dalam daftar pembanding.","Mendukung ancaman kompetitor dengan performa meningkat.","Triangulasi dengan wawancara/observasi Istana Krakatau.","strong-if-triangulated"
"PS-KIN-027","D-KIN-20260427","dokumentasi-kinerja","kompetitor-index","Sederhana memiliki indeks 100.0, 97.5, 94.9, 98.6 pada Juli-Oktober 2025, perubahan akhir -1.4 persen.","included-derived-table","Competition","Context","performance-data/D-KIN-20260427-competitor-internal-grab.xlsx","Tabel indeks kompetitor","Perubahan relatif kecil.","Mendukung peta kompetitor luas.","Perlu data lanjutan jika dijadikan faktor strategis utama.","context"
"PS-KIN-028","D-KIN-20260427","dokumentasi-kinerja","kompetitor-index","Gumarang Jaya memiliki indeks 100.0, 116.1, 102.6, 114.1 pada Juli-Oktober 2025, perubahan akhir +14.1 persen.","included-derived-table","Competition","Threat","performance-data/D-KIN-20260427-competitor-internal-grab.xlsx","Tabel indeks kompetitor","Kompetitor tumbuh meski jarak lebih jauh.","Mendukung ancaman kompetitor berperforma baik di pasar yang sama.","Triangulasi dengan observasi kompetitor jika tersedia.","moderate"
"PS-KIN-029","D-KIN-20260427","dokumentasi-kinerja","kompetitor-index","Nasi Gerilya memiliki indeks 100.0, 92.6, 87.8, 70.4 pada Juli-Oktober 2025, perubahan akhir -29.6 persen.","included-derived-table","Performance, competition","Weakness/threat","performance-data/D-KIN-20260427-competitor-internal-grab.xlsx","Tabel indeks kompetitor","Penurunan relatif paling besar pada daftar pembanding.","Mendukung urgensi strategi peningkatan penjualan GrabFood.","Perlu data terbaru dan definisi metrik indeks sebelum klaim final.","strong-if-updated"
"PS-KIN-030","D-KIN-20260427","dokumentasi-kinerja","kompetitor-index","Garuda memiliki indeks 100.0, 95.5, 90.1, 93.9 pada Juli-Oktober 2025, perubahan akhir -6.1 persen.","included-derived-table","Competition","Threat/context","performance-data/D-KIN-20260427-competitor-internal-grab.xlsx","Tabel indeks kompetitor","Kompetitor brand kuat juga turun tetapi tetap relevan sebagai pembanding reputasi.","Mendukung analisis ancaman merek besar.","Triangulasi dengan observasi kompetitor Juni 2026.","moderate"
"PS-KIN-031","D-KIN-20260427","dokumentasi-kinerja","kompetitor-index","Pondok Gurih memiliki indeks 100.0, 102.9, 97.0, 101.5 pada Juli-Oktober 2025, perubahan akhir +1.5 persen.","included-derived-table","Competition","Threat","performance-data/D-KIN-20260427-competitor-internal-grab.xlsx","Tabel indeks kompetitor","Pertumbuhan kecil tetapi positif.","Mendukung konteks kompetitor yang relatif stabil.","Triangulasi dengan observasi kompetitor Juni 2026 dan business consultant.","moderate"
"PS-KIN-032","D-KIN-20260427","dokumentasi-kinerja","jarak-kompetitor","Koto Gadang berjarak garis lurus sekitar 1.04 km dari Nasi Gerilya.","included-derived-table","Competition, place","Threat","appendices/03-dokumentasi-indeks-kinerja-nasi-gerilya-dan-kompetitor-grabfood.tex","Tabel lokasi kompetitor pembanding","Jarak dihitung dari koordinat Google Maps, bukan jarak tempuh kurir.","Mendukung analisis kompetisi lokal area layanan.","Perlu cek radius layanan GrabFood jika dibutuhkan.","context"
"PS-KIN-033","D-KIN-20260427","dokumentasi-kinerja","jarak-kompetitor","Pondok Krakatau berjarak garis lurus sekitar 0.93 km dari Nasi Gerilya.","included-derived-table","Competition, place","Threat","appendices/03-dokumentasi-indeks-kinerja-nasi-gerilya-dan-kompetitor-grabfood.tex","Tabel lokasi kompetitor pembanding","Jarak dekat memperkuat relevansi pembanding.","Mendukung analisis ancaman kompetitor sekitar.","Triangulasi dengan wawancara/observasi Pondok Krakatau.","strong-if-triangulated"
"PS-KIN-034","D-KIN-20260427","dokumentasi-kinerja","jarak-kompetitor","Uda Sayang berjarak garis lurus sekitar 1.68 km dari Nasi Gerilya.","included-derived-table","Competition, place","Threat/context","appendices/03-dokumentasi-indeks-kinerja-nasi-gerilya-dan-kompetitor-grabfood.tex","Tabel lokasi kompetitor pembanding","Kompetitor dalam area kota yang masih relevan.","Mendukung peta kompetisi lokasi.","Perlu data observasi platform bila digunakan rinci.","context"
"PS-KIN-035","D-KIN-20260427","dokumentasi-kinerja","jarak-kompetitor","Dendeng Batokok berjarak garis lurus sekitar 0.45 km dari Nasi Gerilya.","included-derived-table","Competition, place","Threat","appendices/03-dokumentasi-indeks-kinerja-nasi-gerilya-dan-kompetitor-grabfood.tex","Tabel lokasi kompetitor pembanding","Kompetitor terdekat pada daftar pembanding.","Mendukung ancaman kompetitor langsung di sekitar lokasi.","Triangulasi dengan observasi Dendeng Batokok.","strong-if-triangulated"
"PS-KIN-036","D-KIN-20260427","dokumentasi-kinerja","jarak-kompetitor","Istana Krakatau berjarak garis lurus sekitar 1.62 km dari Nasi Gerilya.","included-derived-table","Competition, place","Threat","appendices/03-dokumentasi-indeks-kinerja-nasi-gerilya-dan-kompetitor-grabfood.tex","Tabel lokasi kompetitor pembanding","Kompetitor ini juga memiliki indeks pertumbuhan tertinggi pada data pembanding.","Mendukung prioritas perhatian pada Istana Krakatau.","Triangulasi dengan wawancara/observasi Istana Krakatau.","strong-if-triangulated"
"PS-KIN-037","D-KIN-20260427","dokumentasi-kinerja","jarak-kompetitor","Sederhana berjarak garis lurus sekitar 1.99 km dari Nasi Gerilya.","included-derived-table","Competition, place","Threat/context","appendices/03-dokumentasi-indeks-kinerja-nasi-gerilya-dan-kompetitor-grabfood.tex","Tabel lokasi kompetitor pembanding","Brand besar tetap relevan meskipun tidak paling dekat.","Mendukung konteks ancaman brand recognition.","Perlu data observasi/reputasi terbaru bila dijadikan faktor utama.","context"
"PS-KIN-038","D-KIN-20260427","dokumentasi-kinerja","jarak-kompetitor","Gumarang Jaya berjarak garis lurus sekitar 4.02 km dari Nasi Gerilya.","included-derived-table","Competition, place","Threat/context","appendices/03-dokumentasi-indeks-kinerja-nasi-gerilya-dan-kompetitor-grabfood.tex","Tabel lokasi kompetitor pembanding","Jarak lebih jauh, tetapi indeks kompetitornya tumbuh positif.","Mendukung konteks bahwa persaingan tidak hanya radius sangat dekat.","Perlu cek overlap area layanan platform.","context"
"PS-KIN-039","D-KIN-20260427","dokumentasi-kinerja","jarak-kompetitor","Garuda berjarak garis lurus sekitar 2.20 km dari Nasi Gerilya.","included-derived-table","Competition, place","Threat","appendices/03-dokumentasi-indeks-kinerja-nasi-gerilya-dan-kompetitor-grabfood.tex","Tabel lokasi kompetitor pembanding","Brand pembanding kuat di kategori restoran Padang.","Mendukung analisis reputasi kompetitor besar.","Triangulasi dengan observasi Garuda Juni 2026.","moderate"
"PS-KIN-040","D-KIN-20260427","dokumentasi-kinerja","jarak-kompetitor","Pondok Gurih berjarak garis lurus sekitar 4.06 km dari Nasi Gerilya.","included-derived-table","Competition, place","Threat","appendices/03-dokumentasi-indeks-kinerja-nasi-gerilya-dan-kompetitor-grabfood.tex","Tabel lokasi kompetitor pembanding","Disebut relevan juga oleh business consultant pada data lapangan.","Mendukung analisis kompetitor yang lebih jauh tetapi tetap dibandingkan pelanggan/platform.","Triangulasi dengan observasi Pondok Gurih Juni 2026.","moderate"
"PS-KIN-041","D-KIN-20260427","dokumentasi-kinerja","sintesis-kinerja","Kinerja prasurvey memperlihatkan paradoks awal: AOV dan kunjungan naik pada sebagian periode, tetapi penjualan bulanan dan indeks Nasi Gerilya terhadap kompetitor melemah.","included-derived-analysis","Performance, price, place","Weakness/opportunity/threat","appendices/03-dokumentasi-indeks-kinerja-nasi-gerilya-dan-kompetitor-grabfood.tex","Sintesis Tabel penjualan, AOV, kunjungan, indeks kompetitor","Sintesis ini tidak menyatakan sebab, hanya pola deskriptif.","Mendukung fokus Bab IV pada konversi, promo, harga, stok, dan pengalaman layanan.","Perlu data kinerja terbaru untuk memperkuat kesimpulan final.","moderate"
"PS-PROD-001","D-FOTO-20260518","foto-produk","foto-produk","Foto produk ayam goreng tersedia sebagai bukti visual menu.","included-visual-proof","Product, physical evidence","Strength","product-photos/product-ayam-goreng.jpg","product-ayam-goreng.jpg","Foto produk membuktikan ketersediaan aset visual, bukan volume penjualan.","Mendukung audit tampilan produk dan physical evidence.","Cek kesesuaian dengan foto yang tampil di GrabFood bila diperlukan.","context"
"PS-PROD-002","D-FOTO-20260518","foto-produk","foto-produk","Foto produk ayam gulai tersedia sebagai bukti visual menu.","included-visual-proof","Product, physical evidence","Strength","product-photos/product-ayam-gulai.jpg","product-ayam-gulai.jpg","Foto produk membuktikan ketersediaan aset visual, bukan volume penjualan.","Mendukung audit variasi menu ayam.","Cek kesesuaian dengan foto yang tampil di GrabFood bila diperlukan.","context"
"PS-PROD-003","D-FOTO-20260518","foto-produk","foto-produk","Foto produk ayam pop putih tersedia sebagai bukti visual menu unggulan.","included-visual-proof","Product, physical evidence, positioning","Strength","product-photos/product-ayam-pop-putih.jpg","product-ayam-pop-putih.jpg","Ayam pop putih juga disebut sebagai produk unggulan oleh pemilik.","Mendukung strategi hero menu dan penguatan tampilan produk.","Triangulasi dengan pelanggan/admin tentang ketertarikan ayam pop.","moderate"
"PS-PROD-004","D-FOTO-20260518","foto-produk","foto-produk","Foto banner kelompok produk tersedia sebagai bukti visual aset promosi/menu.","included-visual-proof","Physical evidence, promotion","Opportunity","product-photos/product-banner-kelompok.png","product-banner-kelompok.png","Aset ini dapat dipakai untuk melihat konsistensi visual produk.","Mendukung penguatan tampilan digital dan promosi.","Perlu cek apakah banner dipakai di kanal pelanggan.","context"
"PS-PROD-005","D-FOTO-20260518","foto-produk","foto-produk","Foto produk gembung bakar tersedia sebagai bukti visual menu ikan.","included-visual-proof","Product, physical evidence","Strength","product-photos/product-gembung-bakar.jpg","product-gembung-bakar.jpg","Foto produk membuktikan ketersediaan aset visual, bukan volume penjualan.","Mendukung audit variasi menu ikan bakar.","Cek kesesuaian dengan foto yang tampil di GrabFood bila diperlukan.","context"
"PS-PROD-006","D-FOTO-20260518","foto-produk","foto-produk","Foto produk gembung goreng tersedia sebagai bukti visual menu ikan.","included-visual-proof","Product, physical evidence","Strength","product-photos/product-gembung-goreng.jpg","product-gembung-goreng.jpg","Foto produk membuktikan ketersediaan aset visual, bukan volume penjualan.","Mendukung audit variasi menu ikan goreng.","Cek kesesuaian dengan foto yang tampil di GrabFood bila diperlukan.","context"
"PS-PROD-007","D-FOTO-20260518","foto-produk","foto-produk","Foto produk kakap gulai tersedia sebagai bukti visual menu ikan berkuah.","included-visual-proof","Product, physical evidence","Strength","product-photos/product-kakap-gulai.jpg","product-kakap-gulai.jpg","Foto produk membuktikan ketersediaan aset visual, bukan volume penjualan.","Mendukung audit variasi menu ikan premium/berkuah.","Cek kesesuaian dengan foto yang tampil di GrabFood bila diperlukan.","context"
"PS-PROD-008","D-FOTO-20260518","foto-produk","foto-produk","Foto produk kari kambing tersedia sebagai bukti visual menu premium.","included-visual-proof","Product, physical evidence, price","Strength/weakness","product-photos/product-kari-kambing.jpg","product-kari-kambing.jpg","Kari kambing tercatat sebagai salah satu harga tertinggi pada paket nasi utama.","Mendukung analisis menu premium dan price ladder.","Triangulasi dengan data penjualan menu premium.","context"
"PS-PROD-009","D-FOTO-20260518","foto-produk","foto-produk","Foto produk kikil tunjang tersedia sebagai bukti visual menu unggulan/teratas.","included-visual-proof","Product, physical evidence","Strength","product-photos/product-kikil-tunjang.jpg","product-kikil-tunjang.jpg","Kikil tunjang muncul dalam menu teratas observasi GrabFood.","Mendukung analisis daya tarik menu berharga tinggi.","Triangulasi dengan pelanggan/admin.","moderate"
"PS-PROD-010","D-FOTO-20260518","foto-produk","foto-produk","Foto produk lele goreng tersedia sebagai bukti visual menu ikan harga menengah-rendah.","included-visual-proof","Product, physical evidence, price","Opportunity","product-photos/product-lele-goreng.jpg","product-lele-goreng.jpg","Lele goreng menjadi opsi lebih terjangkau dibanding banyak menu ikan lain.","Mendukung strategi variasi harga dan paket hemat.","Triangulasi dengan permintaan pelanggan sensitif harga.","context"
"PS-PROD-011","D-FOTO-20260518","foto-produk","foto-produk","Foto produk marlin goreng tersedia sebagai bukti visual menu ikan.","included-visual-proof","Product, physical evidence","Strength","product-photos/product-marlin-goreng.jpg","product-marlin-goreng.jpg","Marlin juga muncul pada data lapangan sebagai menu yang sering dipesan menurut admin.","Mendukung triangulasi menu populer.","Triangulasi dengan admin/checker dan data penjualan menu.","moderate"
"PS-PROD-012","D-FOTO-20260518","foto-produk","foto-produk","Foto produk nasi ayam bakar tersedia sebagai bukti visual paket nasi populer.","included-visual-proof","Product, physical evidence","Strength","product-photos/product-nasi-ayam-bakar.jpg","product-nasi-ayam-bakar.jpg","Ayam bakar termasuk menu teratas observasi awal.","Mendukung analisis tampilan menu populer di GrabFood.","Triangulasi dengan admin dan pelanggan.","moderate"
"PS-PROD-013","D-FOTO-20260518","foto-produk","foto-produk","Foto produk nasi cumi tersedia sebagai bukti visual menu premium seafood.","included-visual-proof","Product, physical evidence, price","Strength/weakness","product-photos/product-nasi-cumi.jpg","product-nasi-cumi.jpg","Cumi Nagih memiliki harga tinggi pada observasi menu.","Mendukung analisis menu premium dan risiko persepsi harga.","Triangulasi dengan pelanggan dan data menu terjual.","context"
"PS-PROD-014","D-FOTO-20260518","foto-produk","foto-produk","Foto produk nasi dendeng tersedia sebagai bukti visual menu unggulan.","included-visual-proof","Product, physical evidence, positioning","Strength","product-photos/product-nasi-dendeng.jpg","product-nasi-dendeng.jpg","Dendeng disebut sebagai produk unggulan oleh pemilik.","Mendukung strategi hero menu dan diferensiasi produk.","Triangulasi dengan pelanggan/admin.","strong-if-triangulated"
"PS-PROD-015","D-FOTO-20260518","foto-produk","foto-produk","Foto produk nasi perkedel tersedia sebagai bukti visual opsi paket lebih terjangkau.","included-visual-proof","Product, physical evidence, price","Opportunity","product-photos/product-nasi-perkedel.jpg","product-nasi-perkedel.jpg","Paket perkedel mendukung variasi menu harga menengah.","Mendukung peluang paket hemat atau add-on.","Triangulasi dengan data menu terjual.","context"
"PS-PROD-016","D-FOTO-20260518","foto-produk","foto-produk","Foto produk nasi rendang tersedia sebagai bukti visual menu teratas.","included-visual-proof","Product, physical evidence","Strength","product-photos/product-nasi-rendang.jpg","product-nasi-rendang.jpg","Rendang sapi termasuk menu teratas observasi awal.","Mendukung analisis menu klasik dan positioning rasa Padang.","Triangulasi dengan admin/pelanggan.","moderate"
"PS-PROD-017","D-FOTO-20260518","foto-produk","foto-produk","Foto produk nasi sayur tersedia sebagai bukti visual opsi entry price.","included-visual-proof","Product, physical evidence, price","Opportunity","product-photos/product-nasi-sayur.jpg","product-nasi-sayur.jpg","Nasi sayur tercatat sebagai salah satu paket nasi terendah.","Mendukung strategi paket hemat pelanggan sensitif harga.","Triangulasi dengan kebutuhan paket murah pelanggan.","moderate"
"PS-PROD-018","D-FOTO-20260518","foto-produk","foto-produk","Foto produk nasi telur gulai tersedia sebagai bukti visual opsi lauk telur.","included-visual-proof","Product, physical evidence, price","Opportunity","product-photos/product-nasi-telur-gulai.jpg","product-nasi-telur-gulai.jpg","Menu telur dapat menjadi pilihan harga lebih rendah.","Mendukung strategi variasi paket terjangkau.","Triangulasi dengan data permintaan pelanggan.","context"
"PS-PROD-019","D-FOTO-20260518","foto-produk","foto-produk","Foto produk nasi telur tersedia sebagai bukti visual opsi lauk telur.","included-visual-proof","Product, physical evidence, price","Opportunity","product-photos/product-nasi-telur.jpg","product-nasi-telur.jpg","Menu telur dapat menjadi entry menu bagi pelanggan sensitif harga.","Mendukung strategi paket hemat dan price ladder.","Triangulasi dengan data menu terjual.","context"
"PS-PROD-020","D-FOTO-20260518","foto-produk","foto-produk","Foto produk nila bakar tersedia sebagai bukti visual menu ikan bakar.","included-visual-proof","Product, physical evidence","Strength","product-photos/product-nila-bakar.jpg","product-nila-bakar.jpg","Nila bakar memperkuat variasi cara masak ikan.","Mendukung audit product lineup.","Cek kesesuaian dengan foto yang tampil di GrabFood bila diperlukan.","context"
"PS-PROD-021","D-FOTO-20260518","foto-produk","foto-produk","Foto produk nila goreng tersedia sebagai bukti visual menu ikan goreng.","included-visual-proof","Product, physical evidence","Strength","product-photos/product-nila-goreng.jpg","product-nila-goreng.jpg","Nila goreng memperluas variasi lauk ikan.","Mendukung audit product lineup.","Cek kesesuaian dengan foto yang tampil di GrabFood bila diperlukan.","context"
"PS-PROD-022","D-FOTO-20260518","foto-produk","foto-produk","Foto produk tongkol goreng tersedia sebagai bukti visual menu ikan.","included-visual-proof","Product, physical evidence","Strength","product-photos/product-tongkol-goreng.jpg","product-tongkol-goreng.jpg","Tongkol tuna tercatat dalam daftar menu GrabFood.","Mendukung audit kelengkapan aset visual menu.","Triangulasi dengan tampilan platform bila diperlukan.","context"
"PS-PROD-023","D-FOTO-20260518","foto-produk","foto-produk","Foto produk udang goreng tersedia sebagai bukti visual menu seafood.","included-visual-proof","Product, physical evidence","Strength","product-photos/product-udang-goreng.jpg","product-udang-goreng.jpg","Udang goreng tercatat dalam menu harga utama.","Mendukung audit variasi seafood dan tampilan produk.","Triangulasi dengan data penjualan/menu populer.","context"
"PS-PROD-024","D-FOTO-20260518","foto-produk","foto-toko","Foto storefront Nasi Gerilya tersedia sebagai bukti visual identitas usaha.","included-visual-proof","Physical evidence, positioning","Strength","product-photos/storefront-nasi-gerilya.jpeg","storefront-nasi-gerilya.jpeg","Foto toko mendukung bukti identitas fisik, bukan performa GrabFood.","Mendukung profil usaha dan physical evidence.","Cek kebutuhan lampiran dokumentasi usaha bila dosen meminta.","context"
