"no","merchant_code","merchant_name","original_file","raw_file","cropped_file","category","duplicate_of","sha256","width","height","cropped_top_px","description"
"001","DB","Rumah Makan Dendeng Batokok","IMG_4282.PNG","raw/dendeng-batokok/IMG_4282.PNG","cropped/dendeng-batokok/O-KP-20260619-DB-001.jpeg","profile-rating","","DE4B4342BBCCDB3BD279D940B9AB69FFB3B37804DEB605CAE98882A7D76117A9","1170","2532","110","Tampilan profil, rating, jumlah penilaian, status, jarak, dan ringkasan ulasan Rumah Makan Dendeng Batokok."
"002","DB","Rumah Makan Dendeng Batokok","IMG_4283.PNG","raw/dendeng-batokok/IMG_4283.PNG","cropped/dendeng-batokok/O-KP-20260619-DB-002.jpeg","profile-rating","","FA67E0131E31C8EFC8053100243CE161B1B722906D7B7B4BB28E696732F0B120","1170","2532","110","Tampilan profil, rating, jumlah penilaian, status, jarak, dan ringkasan ulasan Rumah Makan Dendeng Batokok."
"003","DB","Rumah Makan Dendeng Batokok","IMG_4284.PNG","raw/dendeng-batokok/IMG_4284.PNG","cropped/dendeng-batokok/O-KP-20260619-DB-003.jpeg","ulasan-pelanggan","","B3CFC05BC7EBF487FD1F53478179C3DAEBF4B18EED8562349B1C6D9A659A0903","1170","2532","110","Tampilan ulasan pelanggan Rumah Makan Dendeng Batokok di GrabFood."
"004","DB","Rumah Makan Dendeng Batokok","IMG_4285.PNG","raw/dendeng-batokok/IMG_4285.PNG","cropped/dendeng-batokok/O-KP-20260619-DB-004.jpeg","ulasan-pelanggan","","48BF230E6AC842CC35671F8DEE0FA22CAAA9934BC2C10099662E564176DBD7AD","1170","2532","110","Tampilan ulasan pelanggan Rumah Makan Dendeng Batokok di GrabFood."
"005","DB","Rumah Makan Dendeng Batokok","IMG_4286.PNG","raw/dendeng-batokok/IMG_4286.PNG","cropped/dendeng-batokok/O-KP-20260619-DB-005.jpeg","ulasan-pelanggan","","B1C91080B5BA8A8529470C766AE502E8E47A38B86DA6817ED7751BAB79F71A34","1170","2532","110","Tampilan ulasan pelanggan Rumah Makan Dendeng Batokok di GrabFood."
"006","DB","Rumah Makan Dendeng Batokok","IMG_4287.PNG","raw/dendeng-batokok/IMG_4287.PNG","cropped/dendeng-batokok/O-KP-20260619-DB-006.jpeg","ulasan-pelanggan","","66998C6917E90B5394691F870BBF208D08AD55219172CEEC4BFCB91B4A3CCF61","1170","2532","110","Tampilan ulasan pelanggan Rumah Makan Dendeng Batokok di GrabFood."
"007","DB","Rumah Makan Dendeng Batokok","IMG_4288.PNG","raw/dendeng-batokok/IMG_4288.PNG","cropped/dendeng-batokok/O-KP-20260619-DB-007.jpeg","ulasan-pelanggan","","E514DD59AF6117B0B1C3DFEE4A22BA5ACB9479068F4DD53C86D06E9831C6B41A","1170","2532","110","Tampilan ulasan pelanggan Rumah Makan Dendeng Batokok di GrabFood."
"008","DB","Rumah Makan Dendeng Batokok","IMG_4289.PNG","raw/dendeng-batokok/IMG_4289.PNG","cropped/dendeng-batokok/O-KP-20260619-DB-008.jpeg","ulasan-pelanggan","","A9E982E9DBEEC849B1D1229AD0477CE1BAFAA42C4D2B41DFD5BDBE4322DF7B59","1170","2532","110","Tampilan ulasan pelanggan Rumah Makan Dendeng Batokok di GrabFood."
"009","DB","Rumah Makan Dendeng Batokok","IMG_4290.PNG","raw/dendeng-batokok/IMG_4290.PNG","cropped/dendeng-batokok/O-KP-20260619-DB-009.jpeg","ulasan-pelanggan","","05ABB1C976C6E7847CF4CD419AEABB1A018E61C7E69500BA0E3303BCB6627B34","1170","2532","110","Tampilan ulasan pelanggan Rumah Makan Dendeng Batokok di GrabFood."
"010","DB","Rumah Makan Dendeng Batokok","IMG_4291.PNG","raw/dendeng-batokok/IMG_4291.PNG","cropped/dendeng-batokok/O-KP-20260619-DB-010.jpeg","ulasan-pelanggan","","A15E57A137120649DDEE395DB96EB5216988EDAFF4D28B8CB397884049AFAC79","1170","2532","110","Tampilan ulasan pelanggan Rumah Makan Dendeng Batokok di GrabFood."
"011","DB","Rumah Makan Dendeng Batokok","IMG_4292.PNG","raw/dendeng-batokok/IMG_4292.PNG","cropped/dendeng-batokok/O-KP-20260619-DB-011.jpeg","promo-voucher","","0363D53330DE39386D8F045344529D2030189D8301552E6648257B527AAD3DCD","1170","2532","110","Tampilan daftar promo/voucher GrabFood Rumah Makan Dendeng Batokok."
"012","DB","Rumah Makan Dendeng Batokok","IMG_4293.PNG","raw/dendeng-batokok/IMG_4293.PNG","cropped/dendeng-batokok/O-KP-20260619-DB-012.jpeg","promo-voucher","","DD9CCFA307224D31889EB839447379DAE0F11C427620CEE115BC1180F4C93C92","1170","2532","110","Tampilan daftar promo/voucher GrabFood Rumah Makan Dendeng Batokok."
"013","DB","Rumah Makan Dendeng Batokok","IMG_4294.PNG","raw/dendeng-batokok/IMG_4294.PNG","cropped/dendeng-batokok/O-KP-20260619-DB-013.jpeg","menu-harga-foto","","01C877858274DDF8CE3254BA83F746DE0103F2831722F158EED7978FB66067FA","1170","2532","110","Tampilan menu, harga, foto produk, dan/atau ketersediaan produk Rumah Makan Dendeng Batokok."
"014","DB","Rumah Makan Dendeng Batokok","IMG_4295.PNG","raw/dendeng-batokok/IMG_4295.PNG","cropped/dendeng-batokok/O-KP-20260619-DB-014.jpeg","menu-harga-foto","","94721108F5898206640897935AB4AC5897EAF8BAEEA36DD20E026DC6CA5D6777","1170","2532","110","Tampilan menu, harga, foto produk, dan/atau ketersediaan produk Rumah Makan Dendeng Batokok."
"015","DB","Rumah Makan Dendeng Batokok","IMG_4296.PNG","raw/dendeng-batokok/IMG_4296.PNG","cropped/dendeng-batokok/O-KP-20260619-DB-015.jpeg","menu-harga-foto","","4E832D5ED8451DC66C85B276924A11E61DD83460489B238839817E714C3BA2BD","1170","2532","110","Tampilan menu, harga, foto produk, dan/atau ketersediaan produk Rumah Makan Dendeng Batokok."
"016","DB","Rumah Makan Dendeng Batokok","IMG_4297.PNG","raw/dendeng-batokok/IMG_4297.PNG","cropped/dendeng-batokok/O-KP-20260619-DB-016.jpeg","menu-harga-foto","","91D8BC156F937608430E5748B274EE0A0F425709B02E5D473A636E7E01668B85","1170","2532","110","Tampilan menu, harga, foto produk, dan/atau ketersediaan produk Rumah Makan Dendeng Batokok."
"017","DB","Rumah Makan Dendeng Batokok","IMG_4298.PNG","raw/dendeng-batokok/IMG_4298.PNG","cropped/dendeng-batokok/O-KP-20260619-DB-017.jpeg","menu-harga-foto","","DBC5CC5557F6E6D2092CE0209A6FADFB562884D1AE289FEBDE8F6DD680DEF26B","1170","2532","110","Tampilan menu, harga, foto produk, dan/atau ketersediaan produk Rumah Makan Dendeng Batokok."
"018","DB","Rumah Makan Dendeng Batokok","IMG_4299.PNG","raw/dendeng-batokok/IMG_4299.PNG","cropped/dendeng-batokok/O-KP-20260619-DB-018.jpeg","menu-harga-foto","","6F5E905CA04B003C883F0ECD565A66FA53981E235B1633D63A52533D87DAAE85","1170","2532","110","Tampilan menu, harga, foto produk, dan/atau ketersediaan produk Rumah Makan Dendeng Batokok."
"019","DB","Rumah Makan Dendeng Batokok","IMG_4300.PNG","raw/dendeng-batokok/IMG_4300.PNG","cropped/dendeng-batokok/O-KP-20260619-DB-019.jpeg","menu-harga-foto","","7D0818235FA7DCECC2D15530D6DC7D46857DFB9DFE5E22B2FD76818D12B121BB","1170","2532","110","Tampilan menu, harga, foto produk, dan/atau ketersediaan produk Rumah Makan Dendeng Batokok."
"020","DB","Rumah Makan Dendeng Batokok","IMG_4301.PNG","raw/dendeng-batokok/IMG_4301.PNG","cropped/dendeng-batokok/O-KP-20260619-DB-020.jpeg","menu-harga-foto","","C8B9BEB1797E1E9F3C38667DCC163E068337666498BE7F3358D9B865D85FF750","1170","2532","110","Tampilan menu, harga, foto produk, dan/atau ketersediaan produk Rumah Makan Dendeng Batokok."
"021","DB","Rumah Makan Dendeng Batokok","IMG_4302.PNG","raw/dendeng-batokok/IMG_4302.PNG","cropped/dendeng-batokok/O-KP-20260619-DB-021.jpeg","menu-harga-foto","","3DFA915711EE39BD63E8CFA67147BDBE9311ECF4E2AC476C88DAB6F8A6AABC2A","1170","2532","110","Tampilan menu, harga, foto produk, dan/atau ketersediaan produk Rumah Makan Dendeng Batokok."
"022","DB","Rumah Makan Dendeng Batokok","IMG_4303.PNG","raw/dendeng-batokok/IMG_4303.PNG","cropped/dendeng-batokok/O-KP-20260619-DB-022.jpeg","menu-harga-foto","","F1ADB51B39C658B6DC4495420960E638EFF1A4871DB85646A7BF446694E75D1F","1170","2532","110","Tampilan menu, harga, foto produk, dan/atau ketersediaan produk Rumah Makan Dendeng Batokok."
"023","DB","Rumah Makan Dendeng Batokok","IMG_4304.PNG","raw/dendeng-batokok/IMG_4304.PNG","cropped/dendeng-batokok/O-KP-20260619-DB-023.jpeg","menu-harga-foto","","93171B7DECF2E1AC95030E70D6265B0582F7D6663ABC704D96CAE29A3F0F46E7","1170","2532","110","Tampilan menu, harga, foto produk, dan/atau ketersediaan produk Rumah Makan Dendeng Batokok."
"024","DB","Rumah Makan Dendeng Batokok","IMG_4305.PNG","raw/dendeng-batokok/IMG_4305.PNG","cropped/dendeng-batokok/O-KP-20260619-DB-024.jpeg","menu-harga-foto","","BAD31C671E067D5778D262068A39178FA991BE1B0A87D786499900DD8EB36877","1170","2532","110","Tampilan menu, harga, foto produk, dan/atau ketersediaan produk Rumah Makan Dendeng Batokok."
"025","DB","Rumah Makan Dendeng Batokok","IMG_4306.PNG","raw/dendeng-batokok/IMG_4306.PNG","cropped/dendeng-batokok/O-KP-20260619-DB-025.jpeg","menu-harga-foto","","633FB6DA5E8BF2A77F4BF0465DE6B0451402A73FBA9C0B3B9F46EA2A586B9D96","1170","2532","110","Tampilan menu, harga, foto produk, dan/atau ketersediaan produk Rumah Makan Dendeng Batokok."
"026","DB","Rumah Makan Dendeng Batokok","IMG_4307.PNG","raw/dendeng-batokok/IMG_4307.PNG","cropped/dendeng-batokok/O-KP-20260619-DB-026.jpeg","menu-harga-foto","","AB2B0FD29AACBF979B6FB28C1EBD28D42A1BF647603E0985371EFE93EB902033","1170","2532","110","Tampilan menu, harga, foto produk, dan/atau ketersediaan produk Rumah Makan Dendeng Batokok."
"027","DB","Rumah Makan Dendeng Batokok","IMG_4308.PNG","raw/dendeng-batokok/IMG_4308.PNG","cropped/dendeng-batokok/O-KP-20260619-DB-027.jpeg","menu-harga-foto","","05D99A6C191E13348646E3686E4C922B74C062C889A9C330CFF7C20D45B97DE4","1170","2532","110","Tampilan menu, harga, foto produk, dan/atau ketersediaan produk Rumah Makan Dendeng Batokok."
"028","DB","Rumah Makan Dendeng Batokok","IMG_4309.PNG","raw/dendeng-batokok/IMG_4309.PNG","cropped/dendeng-batokok/O-KP-20260619-DB-028.jpeg","menu-harga-foto","","8630DFDFDC19F536AFB0EBC819754CE2930B85D592503924907CE8E49077128A","1170","2532","110","Tampilan menu, harga, foto produk, dan/atau ketersediaan produk Rumah Makan Dendeng Batokok."
"029","DB","Rumah Makan Dendeng Batokok","IMG_4310.PNG","raw/dendeng-batokok/IMG_4310.PNG","cropped/dendeng-batokok/O-KP-20260619-DB-029.jpeg","menu-harga-foto","","4213C2253946844B4114B726BA28FC22A70EE9A4F042D437300530299751FE3E","1170","2532","110","Tampilan menu, harga, foto produk, dan/atau ketersediaan produk Rumah Makan Dendeng Batokok."
"030","DB","Rumah Makan Dendeng Batokok","IMG_4311.PNG","raw/dendeng-batokok/IMG_4311.PNG","cropped/dendeng-batokok/O-KP-20260619-DB-030.jpeg","menu-harga-foto","","64C0270E3CE2C6DE176D6F36C32930FC3B4501B383E5D7970049B9973D79A94D","1170","2532","110","Tampilan menu, harga, foto produk, dan/atau ketersediaan produk Rumah Makan Dendeng Batokok."
"001","PAR","Restoran Paripurna","IMG_4237.PNG","raw/paripurna/IMG_4237.PNG","cropped/paripurna/O-KP-20260619-PAR-001.jpeg","promo-voucher","","C922BE62A53680DCC67768A0821FA99FDC5D86812B09DFAB1F764C3A1D72CB5E","1170","2532","110","Tampilan daftar promo/voucher GrabFood Restoran Paripurna."
"002","PAR","Restoran Paripurna","IMG_4238.PNG","raw/paripurna/IMG_4238.PNG","cropped/paripurna/O-KP-20260619-PAR-002.jpeg","promo-voucher","","8B703F338981355185D53AF7F43DFCAEF223FCC5AF34585AE3F1E51A319836B5","1170","2532","110","Tampilan daftar promo/voucher GrabFood Restoran Paripurna."
"003","PAR","Restoran Paripurna","IMG_4239.PNG","raw/paripurna/IMG_4239.PNG","cropped/paripurna/O-KP-20260619-PAR-003.jpeg","profile-rating","","E0D5966F48372468229909FA33C4C6A8D78F368948834A7ED65198D09E9AEBF5","1170","2532","110","Tampilan profil, rating, jumlah penilaian, status, jarak, dan ringkasan ulasan Restoran Paripurna."
"004","PAR","Restoran Paripurna","IMG_4240.PNG","raw/paripurna/IMG_4240.PNG","cropped/paripurna/O-KP-20260619-PAR-004.jpeg","profile-rating","","41761C9A8F9561CB0A7BD95542F9CFBA9A30D032FECBF3EB41399439C86515CB","1170","2532","110","Tampilan profil, rating, jumlah penilaian, status, jarak, dan ringkasan ulasan Restoran Paripurna."
"005","PAR","Restoran Paripurna","IMG_4241.PNG","raw/paripurna/IMG_4241.PNG","cropped/paripurna/O-KP-20260619-PAR-005.jpeg","menu-harga-foto","","99E74C4E756837BFE118BE4321D86A9BD101EE198282CA25627639E3806702D2","1170","2532","110","Tampilan menu, harga, foto produk, dan/atau ketersediaan produk Restoran Paripurna."
"006","PAR","Restoran Paripurna","IMG_4242.PNG","raw/paripurna/IMG_4242.PNG","cropped/paripurna/O-KP-20260619-PAR-006.jpeg","menu-harga-foto","","3DF3D1E0A38431F89D8ADC539EEDC5F1DDBFC4617128AFB5597CDCB87CF23B53","1170","2532","110","Tampilan menu, harga, foto produk, dan/atau ketersediaan produk Restoran Paripurna."
"007","PAR","Restoran Paripurna","IMG_4243.PNG","raw/paripurna/IMG_4243.PNG","cropped/paripurna/O-KP-20260619-PAR-007.jpeg","menu-harga-foto","","D7BE6E3F2511618EE812DC7F3469087D3BB772F4F18C31F3AC39FADF7EDAC9C3","1170","2532","110","Tampilan menu, harga, foto produk, dan/atau ketersediaan produk Restoran Paripurna."
"008","PAR","Restoran Paripurna","IMG_4244.PNG","raw/paripurna/IMG_4244.PNG","cropped/paripurna/O-KP-20260619-PAR-008.jpeg","menu-harga-foto","","C3ADD868DFF4B0E6346C29FF11320F4D3C56C7E52370C33AA66703D0009918FE","1170","2532","110","Tampilan menu, harga, foto produk, dan/atau ketersediaan produk Restoran Paripurna."
"009","PAR","Restoran Paripurna","IMG_4245.PNG","raw/paripurna/IMG_4245.PNG","cropped/paripurna/O-KP-20260619-PAR-009.jpeg","menu-harga-foto","","63C414382A2842A8F49FBB38FCF9E519809EA9CA55EA5424F0EB060C65C83DBF","1170","2532","110","Tampilan menu, harga, foto produk, dan/atau ketersediaan produk Restoran Paripurna."
"010","PAR","Restoran Paripurna","IMG_4246.PNG","raw/paripurna/IMG_4246.PNG","cropped/paripurna/O-KP-20260619-PAR-010.jpeg","menu-harga-foto","","B7B76F729DF6D6653787A9FE166AE72DEFC6591818AFFBE80F570C5B4CD5BEDF","1170","2532","110","Tampilan menu, harga, foto produk, dan/atau ketersediaan produk Restoran Paripurna."
"011","PAR","Restoran Paripurna","IMG_4247.PNG","raw/paripurna/IMG_4247.PNG","cropped/paripurna/O-KP-20260619-PAR-011.jpeg","menu-harga-foto","","32388388EE9DE8F68F02AE9F7E4E6459A1F159DF79648EE96FBA69B27BEE7F6B","1170","2532","110","Tampilan menu, harga, foto produk, dan/atau ketersediaan produk Restoran Paripurna."
"012","PAR","Restoran Paripurna","IMG_4248.PNG","raw/paripurna/IMG_4248.PNG","cropped/paripurna/O-KP-20260619-PAR-012.jpeg","menu-harga-foto","","5CD331E0A74CB765AFA63AE65D1B353B9A3B6CD7806231A392A83B652F3700D0","1170","2532","110","Tampilan menu, harga, foto produk, dan/atau ketersediaan produk Restoran Paripurna."
"013","PAR","Restoran Paripurna","IMG_4249.PNG","raw/paripurna/IMG_4249.PNG","cropped/paripurna/O-KP-20260619-PAR-013.jpeg","menu-harga-foto","","82543F7EAC55406D991532534509363197B749FF7875A5555DE1714FEC153854","1170","2532","110","Tampilan menu, harga, foto produk, dan/atau ketersediaan produk Restoran Paripurna."
"014","PAR","Restoran Paripurna","IMG_4250.PNG","raw/paripurna/IMG_4250.PNG","cropped/paripurna/O-KP-20260619-PAR-014.jpeg","menu-harga-foto","","6A7646FE5BDF6F6CD623AB9C06272E366489A17C1352FA0E1608CAD882C39673","1170","2532","110","Tampilan menu, harga, foto produk, dan/atau ketersediaan produk Restoran Paripurna."
"015","PAR","Restoran Paripurna","IMG_4251.PNG","raw/paripurna/IMG_4251.PNG","cropped/paripurna/O-KP-20260619-PAR-015.jpeg","menu-harga-foto","","8FBB56DA2FECF13DF341074696D5A3CD36565BBB629331A413A589E8D688F3D7","1170","2532","110","Tampilan menu, harga, foto produk, dan/atau ketersediaan produk Restoran Paripurna."
"016","PAR","Restoran Paripurna","IMG_4252.PNG","raw/paripurna/IMG_4252.PNG","cropped/paripurna/O-KP-20260619-PAR-016.jpeg","menu-harga-foto","","D8187A1795DBF9EE77D68D535D4C04A489F2DE775F50CD85DEDF68E15B843265","1170","2532","110","Tampilan menu, harga, foto produk, dan/atau ketersediaan produk Restoran Paripurna."
"017","PAR","Restoran Paripurna","IMG_4253.PNG","raw/paripurna/IMG_4253.PNG","cropped/paripurna/O-KP-20260619-PAR-017.jpeg","menu-harga-foto","","23EEA156881A6437205144335BEB0F0A924B6D35EECCAB05EC11569FDBCA7416","1170","2532","110","Tampilan menu, harga, foto produk, dan/atau ketersediaan produk Restoran Paripurna."
"018","PAR","Restoran Paripurna","IMG_4254.PNG","raw/paripurna/IMG_4254.PNG","cropped/paripurna/O-KP-20260619-PAR-018.jpeg","menu-harga-foto","","28E97229BA76F82DE9E3DEE12F8B4C8AE9E348882970A2B7EC9FD2BF7A06BB16","1170","2532","110","Tampilan menu, harga, foto produk, dan/atau ketersediaan produk Restoran Paripurna."
"019","PAR","Restoran Paripurna","IMG_4255.PNG","raw/paripurna/IMG_4255.PNG","cropped/paripurna/O-KP-20260619-PAR-019.jpeg","menu-harga-foto","","634FD3D508A04C31C602A9D1744A6994856A0E424A5F4E58DA9BD9120EBBABCD","1170","2532","110","Tampilan menu, harga, foto produk, dan/atau ketersediaan produk Restoran Paripurna."
"020","PAR","Restoran Paripurna","IMG_4256.PNG","raw/paripurna/IMG_4256.PNG","cropped/paripurna/O-KP-20260619-PAR-020.jpeg","menu-harga-foto","","F5D4A3FB03F10F7DFBD5255A572C32B4590793FE34A2827AAA4FB690E6738FB0","1170","2532","110","Tampilan menu, harga, foto produk, dan/atau ketersediaan produk Restoran Paripurna."
"021","PAR","Restoran Paripurna","IMG_4257.PNG","raw/paripurna/IMG_4257.PNG","cropped/paripurna/O-KP-20260619-PAR-021.jpeg","menu-harga-foto","","B6C4FEACEAA4108533E0884E555D2CC8A8327D0186F5D1B22D2A4FFFA91362B8","1170","2532","110","Tampilan menu, harga, foto produk, dan/atau ketersediaan produk Restoran Paripurna."
"023","PAR","Restoran Paripurna","IMG_4259.PNG","raw/paripurna/IMG_4259.PNG","cropped/paripurna/O-KP-20260619-PAR-023.jpeg","menu-harga-foto","","7D10FE4CF5682C8CFE9EA66AF854B5C3BB33C875FF1D9EBAABFC01865698724B","1170","2532","110","Tampilan menu, harga, foto produk, dan/atau ketersediaan produk Restoran Paripurna."
"024","PAR","Restoran Paripurna","IMG_4260.PNG","raw/paripurna/IMG_4260.PNG","cropped/paripurna/O-KP-20260619-PAR-024.jpeg","menu-harga-foto","","9836E017757FD818E4719BBB5EFB58A3369C5385AD78640BD16819B744D2B68B","1170","2532","110","Tampilan menu, harga, foto produk, dan/atau ketersediaan produk Restoran Paripurna."
"025","PAR","Restoran Paripurna","IMG_4261.PNG","raw/paripurna/IMG_4261.PNG","cropped/paripurna/O-KP-20260619-PAR-025.jpeg","menu-harga-foto","","40B5B43EA0A2DD49CF2AE9EA235016C4E498D1296BFF85B1C585A5EFA1428014","1170","2532","110","Tampilan menu, harga, foto produk, dan/atau ketersediaan produk Restoran Paripurna."
"026","PAR","Restoran Paripurna","IMG_4262.PNG","raw/paripurna/IMG_4262.PNG","cropped/paripurna/O-KP-20260619-PAR-026.jpeg","menu-harga-foto","","1AC96AA24314EB34A26ECF1E47BD1C126D717E9978A65B478E6EE9918949FA7E","1170","2532","110","Tampilan menu, harga, foto produk, dan/atau ketersediaan produk Restoran Paripurna."
"027","PAR","Restoran Paripurna","IMG_4263.PNG","raw/paripurna/IMG_4263.PNG","cropped/paripurna/O-KP-20260619-PAR-027.jpeg","menu-harga-foto","","45CA88207871E1DB737989FA5FEC23A1E0049F05192FB06A758D3DC3CB6D6DD0","1170","2532","110","Tampilan menu, harga, foto produk, dan/atau ketersediaan produk Restoran Paripurna."
"028","PAR","Restoran Paripurna","IMG_4264.PNG","raw/paripurna/IMG_4264.PNG","cropped/paripurna/O-KP-20260619-PAR-028.jpeg","menu-harga-foto","","1551EBB2701E085F31720FB2D1C0E8BFDC418105022139469F6CF3278C4B113E","1170","2532","110","Tampilan menu, harga, foto produk, dan/atau ketersediaan produk Restoran Paripurna."
"029","PAR","Restoran Paripurna","IMG_4265.PNG","raw/paripurna/IMG_4265.PNG","cropped/paripurna/O-KP-20260619-PAR-029.jpeg","menu-harga-foto","","9574CC5B0E5942A62B1173CA72EE526E6530BB9A44AC78E018C5D055B781F3E3","1170","2532","110","Tampilan menu, harga, foto produk, dan/atau ketersediaan produk Restoran Paripurna."
"030","PAR","Restoran Paripurna","IMG_4266.PNG","raw/paripurna/IMG_4266.PNG","cropped/paripurna/O-KP-20260619-PAR-030.jpeg","menu-harga-foto","","1C1D04E135C2913D1912586B5550D4E1D93A9127E4A96FF02B85A1F3B2117332","1170","2532","110","Tampilan menu, harga, foto produk, dan/atau ketersediaan produk Restoran Paripurna."
"031","PAR","Restoran Paripurna","IMG_4267.PNG","raw/paripurna/IMG_4267.PNG","cropped/paripurna/O-KP-20260619-PAR-031.jpeg","menu-harga-foto","","FA91AB64A5695763577762B23A49E1A0DA05096E87BAB94275320BB836F44068","1170","2532","110","Tampilan menu, harga, foto produk, dan/atau ketersediaan produk Restoran Paripurna."
"032","PAR","Restoran Paripurna","IMG_4268.PNG","raw/paripurna/IMG_4268.PNG","cropped/paripurna/O-KP-20260619-PAR-032.jpeg","menu-harga-foto","","30F6A4CA306C9CB295B03B1077C3479658C2FAF9529E19E89EC672DD15320891","1170","2532","110","Tampilan menu, harga, foto produk, dan/atau ketersediaan produk Restoran Paripurna."
"033","PAR","Restoran Paripurna","IMG_4269.PNG","raw/paripurna/IMG_4269.PNG","cropped/paripurna/O-KP-20260619-PAR-033.jpeg","menu-harga-foto","","86C8E4F51089B38964E6A54CE2156C0F5C9C92FF733B6FF4CD13F9DCCBB2748C","1170","2532","110","Tampilan menu, harga, foto produk, dan/atau ketersediaan produk Restoran Paripurna."
"034","PAR","Restoran Paripurna","IMG_4270.PNG","raw/paripurna/IMG_4270.PNG","cropped/paripurna/O-KP-20260619-PAR-034.jpeg","menu-harga-foto","","953ADCF2B26E2890B9084E44A033D523415568523AB6765C9C8FA52B5F829219","1170","2532","110","Tampilan menu, harga, foto produk, dan/atau ketersediaan produk Restoran Paripurna."
"035","PAR","Restoran Paripurna","IMG_4271.PNG","raw/paripurna/IMG_4271.PNG","cropped/paripurna/O-KP-20260619-PAR-035.jpeg","menu-harga-foto","","63FAEA54299E43C7CC05277966D0B0C371162A09D7627FE58F6A40D1B6B95F98","1170","2532","110","Tampilan menu, harga, foto produk, dan/atau ketersediaan produk Restoran Paripurna."
"036","PAR","Restoran Paripurna","IMG_4272.PNG","raw/paripurna/IMG_4272.PNG","cropped/paripurna/O-KP-20260619-PAR-036.jpeg","ulasan-pelanggan","","98E75ECAA3B4F9519D72623F3DF951A874599F94CB38A3080161C1BB982521F8","1170","2532","110","Tampilan ulasan pelanggan Restoran Paripurna di GrabFood."
"037","PAR","Restoran Paripurna","IMG_4273.PNG","raw/paripurna/IMG_4273.PNG","cropped/paripurna/O-KP-20260619-PAR-037.jpeg","ulasan-pelanggan","","860559D365EF969852C52065A3763AC49CF7028372D2284C90CA3BAB2FE01F78","1170","2532","110","Tampilan ulasan pelanggan Restoran Paripurna di GrabFood."
"038","PAR","Restoran Paripurna","IMG_4274.PNG","raw/paripurna/IMG_4274.PNG","cropped/paripurna/O-KP-20260619-PAR-038.jpeg","ulasan-pelanggan","","3B903FE2503F8CEB150F4D67557CE54C8D6814ADE4537C0DB658F58F71F9F99C","1170","2532","110","Tampilan ulasan pelanggan Restoran Paripurna di GrabFood."
"039","PAR","Restoran Paripurna","IMG_4275.PNG","raw/paripurna/IMG_4275.PNG","cropped/paripurna/O-KP-20260619-PAR-039.jpeg","ulasan-pelanggan","","30BF80FFDF2909902AF9BFA71987BAA4127ADBC1DB037B4FAC1992A2CC3D232C","1170","2532","110","Tampilan ulasan pelanggan Restoran Paripurna di GrabFood."
"040","PAR","Restoran Paripurna","IMG_4276.PNG","raw/paripurna/IMG_4276.PNG","cropped/paripurna/O-KP-20260619-PAR-040.jpeg","ulasan-pelanggan","","5B8093C783245D0511952A0B57A408FE2548D482D65327680570369D8DBBF571","1170","2532","110","Tampilan ulasan pelanggan Restoran Paripurna di GrabFood."
"041","PAR","Restoran Paripurna","IMG_4277.PNG","raw/paripurna/IMG_4277.PNG","cropped/paripurna/O-KP-20260619-PAR-041.jpeg","ulasan-pelanggan","","9D1624A0563A0C6064EA5196ADD974D762C4AF3914417810279B20F5CD2B4EDD","1170","2532","110","Tampilan ulasan pelanggan Restoran Paripurna di GrabFood."
"042","PAR","Restoran Paripurna","IMG_4278.PNG","raw/paripurna/IMG_4278.PNG","cropped/paripurna/O-KP-20260619-PAR-042.jpeg","ulasan-pelanggan","","2BC8EC8B6C61FBFE6399023833D54680BC6AAE8FE3EB9CE4278DAAF26B935E34","1170","2532","110","Tampilan ulasan pelanggan Restoran Paripurna di GrabFood."
"043","PAR","Restoran Paripurna","IMG_4279.PNG","raw/paripurna/IMG_4279.PNG","cropped/paripurna/O-KP-20260619-PAR-043.jpeg","ulasan-pelanggan","","A2D40CCCD4A3523BF636B305F4BFD1917575105A4A1B9440041860D2589F8C7D","1170","2532","110","Tampilan ulasan pelanggan Restoran Paripurna di GrabFood."
"044","PAR","Restoran Paripurna","IMG_4280.PNG","raw/paripurna/IMG_4280.PNG","cropped/paripurna/O-KP-20260619-PAR-044.jpeg","ulasan-pelanggan","","D4E677229B19139DA00C35EED32C6D5753A57CFFDD0B0F8B3EDBE093C2654F0A","1170","2532","110","Tampilan ulasan pelanggan Restoran Paripurna di GrabFood."
"045","PAR","Restoran Paripurna","IMG_4281.PNG","raw/paripurna/IMG_4281.PNG","cropped/paripurna/O-KP-20260619-PAR-045.jpeg","ulasan-pelanggan","","DA18A417A00902AF977A0A372186FFA146E779A06D1971613980CB750AC8A3AF","1170","2532","110","Tampilan ulasan pelanggan Restoran Paripurna di GrabFood."
"001","IK","Rumah Makan Istana Krakatau - Centre Point Mall","IMG_4314.PNG","raw/istana-krakatau/IMG_4314.PNG","cropped/istana-krakatau/O-KP-20260619-IK-001.jpeg","profile-rating","","F623403704480D48E6EC7EFC6D0579DCD435729533BE5F8297E2D38BE2661C60","1170","2532","110","Tampilan profil, rating, jumlah penilaian, status, jarak, dan ringkasan ulasan Rumah Makan Istana Krakatau - Centre Point Mall."
"002","IK","Rumah Makan Istana Krakatau - Centre Point Mall","IMG_4315.PNG","raw/istana-krakatau/IMG_4315.PNG","cropped/istana-krakatau/O-KP-20260619-IK-002.jpeg","profile-rating","","55227953E4DB1797AD28B0C9EB4F8CEBF243D3229E0028D6D571D5A7BC229660","1170","2532","110","Tampilan profil, rating, jumlah penilaian, status, jarak, dan ringkasan ulasan Rumah Makan Istana Krakatau - Centre Point Mall."
"003","IK","Rumah Makan Istana Krakatau - Centre Point Mall","IMG_4316.PNG","raw/istana-krakatau/IMG_4316.PNG","cropped/istana-krakatau/O-KP-20260619-IK-003.jpeg","menu-harga-foto","","BF939CF3974974AE74B489A44DA1324C3A7B7B066EB2E74B8EF0378C9912E6B0","1170","2532","110","Tampilan menu, harga, foto produk, dan ketersediaan item Rumah Makan Istana Krakatau - Centre Point Mall."
"004","IK","Rumah Makan Istana Krakatau - Centre Point Mall","IMG_4317.PNG","raw/istana-krakatau/IMG_4317.PNG","cropped/istana-krakatau/O-KP-20260619-IK-004.jpeg","menu-harga-foto","","780E574EE8367763570C099189BE303C8947C72213EDA8B7BEBBEB7235CB30B9","1170","2532","110","Tampilan menu, harga, foto produk, dan ketersediaan item Rumah Makan Istana Krakatau - Centre Point Mall."
"005","IK","Rumah Makan Istana Krakatau - Centre Point Mall","IMG_4318.PNG","raw/istana-krakatau/IMG_4318.PNG","cropped/istana-krakatau/O-KP-20260619-IK-005.jpeg","menu-harga-foto","","C42B2050843421A36AF562FDDF35C5A4403B9C0030F27F2228509758D9AE9F67","1170","2532","110","Tampilan menu, harga, foto produk, dan ketersediaan item Rumah Makan Istana Krakatau - Centre Point Mall."
"006","IK","Rumah Makan Istana Krakatau - Centre Point Mall","IMG_4319.PNG","raw/istana-krakatau/IMG_4319.PNG","cropped/istana-krakatau/O-KP-20260619-IK-006.jpeg","menu-harga-foto","","907B06E865B594BA2394C5A8F6211B441864C1BEC5E30D7C35F813547F423B33","1170","2532","110","Tampilan menu, harga, foto produk, dan ketersediaan item Rumah Makan Istana Krakatau - Centre Point Mall."
"007","IK","Rumah Makan Istana Krakatau - Centre Point Mall","IMG_4320.PNG","raw/istana-krakatau/IMG_4320.PNG","cropped/istana-krakatau/O-KP-20260619-IK-007.jpeg","menu-harga-foto","","FA455265105D79CC46B7E0A3B77B97D4281275FA095FF1C54BED9B05DDFE0A71","1170","2532","110","Tampilan menu, harga, foto produk, dan ketersediaan item Rumah Makan Istana Krakatau - Centre Point Mall."
"008","IK","Rumah Makan Istana Krakatau - Centre Point Mall","IMG_4321.PNG","raw/istana-krakatau/IMG_4321.PNG","cropped/istana-krakatau/O-KP-20260619-IK-008.jpeg","menu-harga-foto","","E5A7D67343D47C83FD4B7501F3E6DDD8014DC00AB5914211F695197A293B9445","1170","2532","110","Tampilan menu, harga, foto produk, dan ketersediaan item Rumah Makan Istana Krakatau - Centre Point Mall."
"009","IK","Rumah Makan Istana Krakatau - Centre Point Mall","IMG_4322.PNG","raw/istana-krakatau/IMG_4322.PNG","cropped/istana-krakatau/O-KP-20260619-IK-009.jpeg","menu-harga-foto","","97348BD20BE89E58F99B07DB50B9E1D01EE1C2C7EA05359EC8FD241F9C852146","1170","2532","110","Tampilan menu, harga, foto produk, dan ketersediaan item Rumah Makan Istana Krakatau - Centre Point Mall."
"010","IK","Rumah Makan Istana Krakatau - Centre Point Mall","IMG_4323.PNG","raw/istana-krakatau/IMG_4323.PNG","cropped/istana-krakatau/O-KP-20260619-IK-010.jpeg","menu-harga-foto","","07914A2F688BDEBE50702E38BD3DC696AC0839E5B160E6D5E8FE30954C5BF2A2","1170","2532","110","Tampilan menu, harga, foto produk, dan ketersediaan item Rumah Makan Istana Krakatau - Centre Point Mall."
"011","IK","Rumah Makan Istana Krakatau - Centre Point Mall","IMG_4324.PNG","raw/istana-krakatau/IMG_4324.PNG","cropped/istana-krakatau/O-KP-20260619-IK-011.jpeg","menu-harga-foto","","C4A00E48C1FE463E2DA132E67B7C6530949A81303F02F82E04319FB2BA0D9096","1170","2532","110","Tampilan menu, harga, foto produk, dan ketersediaan item Rumah Makan Istana Krakatau - Centre Point Mall."
"012","IK","Rumah Makan Istana Krakatau - Centre Point Mall","IMG_4325.PNG","raw/istana-krakatau/IMG_4325.PNG","cropped/istana-krakatau/O-KP-20260619-IK-012.jpeg","menu-harga-foto","","9C7D9497349D8CD31FAED61A8FB50F4F20ECA001354575400DF08547C41A1F1C","1170","2532","110","Tampilan menu, harga, foto produk, dan ketersediaan item Rumah Makan Istana Krakatau - Centre Point Mall."
"013","IK","Rumah Makan Istana Krakatau - Centre Point Mall","IMG_4326.PNG","raw/istana-krakatau/IMG_4326.PNG","cropped/istana-krakatau/O-KP-20260619-IK-013.jpeg","menu-harga-foto","","2B2BA7E9B4E07729365DC4B5E7ECD981D0F4CEF7201F6082A109B888DE50619C","1170","2532","110","Tampilan menu, harga, foto produk, dan ketersediaan item Rumah Makan Istana Krakatau - Centre Point Mall."
"014","IK","Rumah Makan Istana Krakatau - Centre Point Mall","IMG_4327.PNG","raw/istana-krakatau/IMG_4327.PNG","cropped/istana-krakatau/O-KP-20260619-IK-014.jpeg","menu-harga-foto","","90D4D7EA605E5C37EDDCE676C8FDACFC8DF2E02EF3DF09403EF8754D7BC6BD20","1170","2532","110","Tampilan menu, harga, foto produk, dan ketersediaan item Rumah Makan Istana Krakatau - Centre Point Mall."
"015","IK","Rumah Makan Istana Krakatau - Centre Point Mall","IMG_4328.PNG","raw/istana-krakatau/IMG_4328.PNG","cropped/istana-krakatau/O-KP-20260619-IK-015.jpeg","menu-harga-foto","","1B3239A81933F5F603894040F045CFAEAD600994ADE660F3685AAC4B17895FB5","1170","2532","110","Tampilan menu, harga, foto produk, dan ketersediaan item Rumah Makan Istana Krakatau - Centre Point Mall."
"016","IK","Rumah Makan Istana Krakatau - Centre Point Mall","IMG_4329.PNG","raw/istana-krakatau/IMG_4329.PNG","cropped/istana-krakatau/O-KP-20260619-IK-016.jpeg","menu-harga-foto","","58B3EB1B2BDAB661A432F122E55F16F1B104E1F9CAA9099FCF7D1588643058E0","1170","2532","110","Tampilan menu, harga, foto produk, dan ketersediaan item Rumah Makan Istana Krakatau - Centre Point Mall."
"017","IK","Rumah Makan Istana Krakatau - Centre Point Mall","IMG_4330.PNG","raw/istana-krakatau/IMG_4330.PNG","cropped/istana-krakatau/O-KP-20260619-IK-017.jpeg","menu-harga-foto","","733744031370A0E8D4263F1B9C6C8BC9C31023B85FF7D5FF9F1BC43A2235059F","1170","2532","110","Tampilan menu, harga, foto produk, dan ketersediaan item Rumah Makan Istana Krakatau - Centre Point Mall."
"018","IK","Rumah Makan Istana Krakatau - Centre Point Mall","IMG_4331.PNG","raw/istana-krakatau/IMG_4331.PNG","cropped/istana-krakatau/O-KP-20260619-IK-018.jpeg","menu-harga-foto","","5F6957F90672BFE8450E89227EB40BA717C452F50489CDFC05C97BCE69973AD5","1170","2532","110","Tampilan menu, harga, foto produk, dan ketersediaan item Rumah Makan Istana Krakatau - Centre Point Mall."
"019","IK","Rumah Makan Istana Krakatau - Centre Point Mall","IMG_4332.PNG","raw/istana-krakatau/IMG_4332.PNG","cropped/istana-krakatau/O-KP-20260619-IK-019.jpeg","menu-harga-foto","","90972D40671EC283C9DA45D66BF3816B6C010FD52807D874492F975726FCB0BC","1170","2532","110","Tampilan menu, harga, foto produk, dan ketersediaan item Rumah Makan Istana Krakatau - Centre Point Mall."
"020","IK","Rumah Makan Istana Krakatau - Centre Point Mall","IMG_4333.PNG","raw/istana-krakatau/IMG_4333.PNG","cropped/istana-krakatau/O-KP-20260619-IK-020.jpeg","menu-harga-foto","","30191AF9ACE75795F4425EC1C493BB56E6753CBA332B583D48268E8E71D99132","1170","2532","110","Tampilan menu, harga, foto produk, dan ketersediaan item Rumah Makan Istana Krakatau - Centre Point Mall."
"021","IK","Rumah Makan Istana Krakatau - Centre Point Mall","IMG_4334.PNG","raw/istana-krakatau/IMG_4334.PNG","cropped/istana-krakatau/O-KP-20260619-IK-021.jpeg","menu-harga-foto","","88DA8D94F6F100B342C982B05753B397228311FD6915242FD69BF2357B740B6B","1170","2532","110","Tampilan menu, harga, foto produk, dan ketersediaan item Rumah Makan Istana Krakatau - Centre Point Mall."
"022","IK","Rumah Makan Istana Krakatau - Centre Point Mall","IMG_4335.PNG","raw/istana-krakatau/IMG_4335.PNG","cropped/istana-krakatau/O-KP-20260619-IK-022.jpeg","menu-harga-foto","","57D4B2737FCCBD95C7ABD705AF08A671019CC79080F3625F9B992D80E9098089","1170","2532","110","Tampilan menu, harga, foto produk, dan ketersediaan item Rumah Makan Istana Krakatau - Centre Point Mall."
"023","IK","Rumah Makan Istana Krakatau - Centre Point Mall","IMG_4336.PNG","raw/istana-krakatau/IMG_4336.PNG","cropped/istana-krakatau/O-KP-20260619-IK-023.jpeg","menu-harga-foto","","D71AE19C2259FA21387EA254549F60C79CC6E74C91D6092A4B601CE813B1790C","1170","2532","110","Tampilan menu, harga, foto produk, dan ketersediaan item Rumah Makan Istana Krakatau - Centre Point Mall."
"024","IK","Rumah Makan Istana Krakatau - Centre Point Mall","IMG_4337.PNG","raw/istana-krakatau/IMG_4337.PNG","cropped/istana-krakatau/O-KP-20260619-IK-024.jpeg","menu-harga-foto","","D00C0F52F4737FACBD2D44A687FC0918D36D8E1B85BA47EF81CCB8B7986A65DC","1170","2532","110","Tampilan menu, harga, foto produk, dan ketersediaan item Rumah Makan Istana Krakatau - Centre Point Mall."
"025","IK","Rumah Makan Istana Krakatau - Centre Point Mall","IMG_4338.PNG","raw/istana-krakatau/IMG_4338.PNG","cropped/istana-krakatau/O-KP-20260619-IK-025.jpeg","menu-harga-foto","","5382B5352A70FCAD7AF1386A9C1E1C184D02B37E20CB95E5441BEF3161C22441","1170","2532","110","Tampilan menu, harga, foto produk, dan ketersediaan item Rumah Makan Istana Krakatau - Centre Point Mall."
"026","IK","Rumah Makan Istana Krakatau - Centre Point Mall","IMG_4339.PNG","raw/istana-krakatau/IMG_4339.PNG","cropped/istana-krakatau/O-KP-20260619-IK-026.jpeg","promo-voucher","","20B1FCDCD36246849FE227653AE295C35497904288C398F20EF49E0DEF016C46","1170","2532","110","Tampilan daftar promo/voucher GrabFood Rumah Makan Istana Krakatau - Centre Point Mall."
"027","IK","Rumah Makan Istana Krakatau - Centre Point Mall","IMG_4340.PNG","raw/istana-krakatau/IMG_4340.PNG","cropped/istana-krakatau/O-KP-20260619-IK-027.jpeg","promo-voucher","","3330C5202B5705A21F05621A6CB0DD75551A60B2ADB2D5A50E58B4224CDF6AB9","1170","2532","110","Tampilan daftar promo/voucher GrabFood Rumah Makan Istana Krakatau - Centre Point Mall."
"028","IK","Rumah Makan Istana Krakatau - Centre Point Mall","IMG_4341.PNG","raw/istana-krakatau/IMG_4341.PNG","cropped/istana-krakatau/O-KP-20260619-IK-028.jpeg","promo-voucher","","945D43CD4DA78FEAD24890D43F476D8DF0DC836D2164FEF4DD3C846B0BC96713","1170","2532","110","Tampilan daftar promo/voucher GrabFood Rumah Makan Istana Krakatau - Centre Point Mall."
"029","IK","Rumah Makan Istana Krakatau - Centre Point Mall","IMG_4342.PNG","raw/istana-krakatau/IMG_4342.PNG","cropped/istana-krakatau/O-KP-20260619-IK-029.jpeg","ulasan-pelanggan","","F059299AC94CDBAB4C441C954453E40F6AE7FDED36D82D9D07C38D35AB43A3DD","1170","2532","110","Tampilan ulasan pelanggan Rumah Makan Istana Krakatau - Centre Point Mall di GrabFood."
"030","IK","Rumah Makan Istana Krakatau - Centre Point Mall","IMG_4343.PNG","raw/istana-krakatau/IMG_4343.PNG","cropped/istana-krakatau/O-KP-20260619-IK-030.jpeg","ulasan-pelanggan","","6BECA213DE9E8192048432D8168EC85DA7FBB564630AAA10C075279F7AF6EE1D","1170","2532","110","Tampilan ulasan pelanggan Rumah Makan Istana Krakatau - Centre Point Mall di GrabFood."
"031","IK","Rumah Makan Istana Krakatau - Centre Point Mall","IMG_4344.PNG","raw/istana-krakatau/IMG_4344.PNG","cropped/istana-krakatau/O-KP-20260619-IK-031.jpeg","ulasan-pelanggan","","93ABB92F38F2B9F9EEC06F7F173D0C491BEBCBAB01846939A3C928ECE77CC00E","1170","2532","110","Tampilan ulasan pelanggan Rumah Makan Istana Krakatau - Centre Point Mall di GrabFood."
"032","IK","Rumah Makan Istana Krakatau - Centre Point Mall","IMG_4345.PNG","raw/istana-krakatau/IMG_4345.PNG","cropped/istana-krakatau/O-KP-20260619-IK-032.jpeg","ulasan-pelanggan","","03A65B99543FB1E3EA2CF466EAFCFE28F4929DDB6F5C9EDCA14435EE5F38BCA5","1170","2532","110","Tampilan ulasan pelanggan Rumah Makan Istana Krakatau - Centre Point Mall di GrabFood."
"033","IK","Rumah Makan Istana Krakatau - Centre Point Mall","IMG_4346.PNG","raw/istana-krakatau/IMG_4346.PNG","cropped/istana-krakatau/O-KP-20260619-IK-033.jpeg","ulasan-pelanggan","","43D383AB730461DA660F1B99CE9287692B265663E427C8664F44D8F6CC8A84D6","1170","2532","110","Tampilan ulasan pelanggan Rumah Makan Istana Krakatau - Centre Point Mall di GrabFood."
"034","IK","Rumah Makan Istana Krakatau - Centre Point Mall","IMG_4347.PNG","raw/istana-krakatau/IMG_4347.PNG","cropped/istana-krakatau/O-KP-20260619-IK-034.jpeg","ulasan-pelanggan","","79E9E999BDE1673B7ABA4B2E8CFF2C6107A394890DC20216C360C293B979EF5D","1170","2532","110","Tampilan ulasan pelanggan Rumah Makan Istana Krakatau - Centre Point Mall di GrabFood."
"035","IK","Rumah Makan Istana Krakatau - Centre Point Mall","IMG_4348.PNG","raw/istana-krakatau/IMG_4348.PNG","cropped/istana-krakatau/O-KP-20260619-IK-035.jpeg","ulasan-pelanggan","","084DC0B43E1332A817380D826947F66804F8B2A3B4F1DE04976EC2037D263475","1170","2532","110","Tampilan ulasan pelanggan Rumah Makan Istana Krakatau - Centre Point Mall di GrabFood."
"036","IK","Rumah Makan Istana Krakatau - Centre Point Mall","IMG_4349.PNG","raw/istana-krakatau/IMG_4349.PNG","cropped/istana-krakatau/O-KP-20260619-IK-036.jpeg","ulasan-pelanggan","","267E58DA1BEFE28AD631B632384215FD49D1EB991F615778C744DA156960D6DF","1170","2532","110","Tampilan ulasan pelanggan Rumah Makan Istana Krakatau - Centre Point Mall di GrabFood."
"037","IK","Rumah Makan Istana Krakatau - Centre Point Mall","IMG_4350.PNG","raw/istana-krakatau/IMG_4350.PNG","cropped/istana-krakatau/O-KP-20260619-IK-037.jpeg","ulasan-pelanggan","","8B5B5D2D9FCCCD29C526CDF06630A7C843CC04A37AD2DAD8C25A2E2EDC9027B5","1170","2532","110","Tampilan ulasan pelanggan Rumah Makan Istana Krakatau - Centre Point Mall di GrabFood."
"038","IK","Rumah Makan Istana Krakatau - Centre Point Mall","IMG_4351.PNG","raw/istana-krakatau/IMG_4351.PNG","cropped/istana-krakatau/O-KP-20260619-IK-038.jpeg","ulasan-pelanggan","","F274339A0D96EE02906EF0055392689D9D2EB852EC3E479132E491B1AD3B6D5E","1170","2532","110","Tampilan ulasan pelanggan Rumah Makan Istana Krakatau - Centre Point Mall di GrabFood."
"039","IK","Rumah Makan Istana Krakatau - Centre Point Mall","IMG_4352.PNG","raw/istana-krakatau/IMG_4352.PNG","cropped/istana-krakatau/O-KP-20260619-IK-039.jpeg","ulasan-pelanggan","","DD8C0473F9EC6368AE8FF2E80AF14A1750C08F3B133F3A3E1059D9AA100CA3EA","1170","2532","110","Tampilan ulasan pelanggan Rumah Makan Istana Krakatau - Centre Point Mall di GrabFood."
"040","IK","Rumah Makan Istana Krakatau - Centre Point Mall","IMG_4353.PNG","raw/istana-krakatau/IMG_4353.PNG","cropped/istana-krakatau/O-KP-20260619-IK-040.jpeg","ulasan-pelanggan","","02F2B7F02481359CAA4F46414D5AE66DE5D9FE741B287EA39849B0CD87EF2F4B","1170","2532","110","Tampilan ulasan pelanggan Rumah Makan Istana Krakatau - Centre Point Mall di GrabFood."
"041","IK","Rumah Makan Istana Krakatau - Centre Point Mall","IMG_4354.PNG","raw/istana-krakatau/IMG_4354.PNG","cropped/istana-krakatau/O-KP-20260619-IK-041.jpeg","ulasan-pelanggan","","277890A9473EE4AB13BF7A7F8E9AD4E85F7869BB0B5096F46E7DAA7E5EFB6DC7","1170","2532","110","Tampilan ulasan pelanggan Rumah Makan Istana Krakatau - Centre Point Mall di GrabFood."
"042","IK","Rumah Makan Istana Krakatau - Centre Point Mall","IMG_4355.PNG","raw/istana-krakatau/IMG_4355.PNG","cropped/istana-krakatau/O-KP-20260619-IK-042.jpeg","ulasan-pelanggan","","D0F9FFF4780ACC7320D03CD110ACA28336796064A47D7F637F7B0FF50E3AE8DC","1170","2532","110","Tampilan ulasan pelanggan Rumah Makan Istana Krakatau - Centre Point Mall di GrabFood."
"043","IK","Rumah Makan Istana Krakatau - Centre Point Mall","IMG_4356.PNG","raw/istana-krakatau/IMG_4356.PNG","cropped/istana-krakatau/O-KP-20260619-IK-043.jpeg","ulasan-pelanggan","","2A3337BF7A42C04EC0E7103ACA998C56C3C531EE92F710EB957CEBE3DC93ED49","1170","2532","110","Tampilan ulasan pelanggan Rumah Makan Istana Krakatau - Centre Point Mall di GrabFood."
"001","PG","RM. Pondok Gurih - Brigjend Katamso","IMG_4357.PNG","raw/pondok-gurih/IMG_4357.PNG","cropped/pondok-gurih/O-KP-20260619-PG-001.jpeg","profile-rating","","3BE8B4A1142E0322537E37FD6F8522B5ADCE12D899025B9D79A226CEB01FE8DF","1170","2532","110","Tampilan profil, rating, jumlah penilaian, status, jarak, dan ringkasan ulasan RM. Pondok Gurih - Brigjend Katamso."
"002","PG","RM. Pondok Gurih - Brigjend Katamso","IMG_4358.PNG","raw/pondok-gurih/IMG_4358.PNG","cropped/pondok-gurih/O-KP-20260619-PG-002.jpeg","profile-rating","","4C45A8C585955B91F1B8DD53EDAA52292E9EC95D9A7027F31E08C729D5064A75","1170","2532","110","Tampilan profil, rating, jumlah penilaian, status, jarak, dan ringkasan ulasan RM. Pondok Gurih - Brigjend Katamso."
"003","PG","RM. Pondok Gurih - Brigjend Katamso","IMG_4359.PNG","raw/pondok-gurih/IMG_4359.PNG","cropped/pondok-gurih/O-KP-20260619-PG-003.jpeg","promo-voucher","","DE9EB503A605675F3DE53095B36F91AF9E2A2393DDF0BB7CDDF3B82E2C0D3F9A","1170","2532","110","Tampilan daftar promo/voucher GrabFood RM. Pondok Gurih - Brigjend Katamso."
"004","PG","RM. Pondok Gurih - Brigjend Katamso","IMG_4360.PNG","raw/pondok-gurih/IMG_4360.PNG","cropped/pondok-gurih/O-KP-20260619-PG-004.jpeg","promo-voucher","","994E034E88F31EB09910EC63F5AC93BED5602875659FE541C4BB336845BEB768","1170","2532","110","Tampilan daftar promo/voucher GrabFood RM. Pondok Gurih - Brigjend Katamso."
"005","PG","RM. Pondok Gurih - Brigjend Katamso","IMG_4361.PNG","raw/pondok-gurih/IMG_4361.PNG","cropped/pondok-gurih/O-KP-20260619-PG-005.jpeg","menu-harga-foto","","807645E2976D0306D8C47142BC28931844E2EE360F756593A57E98AD5777231C","1170","2532","110","Tampilan menu, harga, foto produk, dan ketersediaan item RM. Pondok Gurih - Brigjend Katamso."
"006","PG","RM. Pondok Gurih - Brigjend Katamso","IMG_4362.PNG","raw/pondok-gurih/IMG_4362.PNG","cropped/pondok-gurih/O-KP-20260619-PG-006.jpeg","menu-harga-foto","","51722943C65742C5D4FC0AF7276278618D99AF732FDDED0AF5119467C65B7C52","1170","2532","110","Tampilan menu, harga, foto produk, dan ketersediaan item RM. Pondok Gurih - Brigjend Katamso."
"007","PG","RM. Pondok Gurih - Brigjend Katamso","IMG_4363.PNG","raw/pondok-gurih/IMG_4363.PNG","cropped/pondok-gurih/O-KP-20260619-PG-007.jpeg","menu-harga-foto","","1557387174D24402FA997828312F499E47708B5B717BF34DB16169BA5DBAE43A","1170","2532","110","Tampilan menu, harga, foto produk, dan ketersediaan item RM. Pondok Gurih - Brigjend Katamso."
"008","PG","RM. Pondok Gurih - Brigjend Katamso","IMG_4364.PNG","raw/pondok-gurih/IMG_4364.PNG","cropped/pondok-gurih/O-KP-20260619-PG-008.jpeg","menu-harga-foto","","6C2178F47E93B561BA24E0154D2CC76F135A48EA40B20CEAFB84B0A1743237DB","1170","2532","110","Tampilan menu, harga, foto produk, dan ketersediaan item RM. Pondok Gurih - Brigjend Katamso."
"009","PG","RM. Pondok Gurih - Brigjend Katamso","IMG_4365.PNG","raw/pondok-gurih/IMG_4365.PNG","cropped/pondok-gurih/O-KP-20260619-PG-009.jpeg","menu-harga-foto","","071E9F84038AA5BE32619C59B24C70441AA85C96C3C2CD049447409F78865EE5","1170","2532","110","Tampilan menu, harga, foto produk, dan ketersediaan item RM. Pondok Gurih - Brigjend Katamso."
"010","PG","RM. Pondok Gurih - Brigjend Katamso","IMG_4366.PNG","raw/pondok-gurih/IMG_4366.PNG","cropped/pondok-gurih/O-KP-20260619-PG-010.jpeg","menu-harga-foto","","BB627AF5AB08A34256505A76212016055BF7A0D6F2569E880BFBA57F0FF0AABE","1170","2532","110","Tampilan menu, harga, foto produk, dan ketersediaan item RM. Pondok Gurih - Brigjend Katamso."
"011","PG","RM. Pondok Gurih - Brigjend Katamso","IMG_4367.PNG","raw/pondok-gurih/IMG_4367.PNG","cropped/pondok-gurih/O-KP-20260619-PG-011.jpeg","menu-harga-foto","","C13EA2DA13FE248C620A57BA19B4402C361C950A33723ACD3E72FA993D1E4B7C","1170","2532","110","Tampilan menu, harga, foto produk, dan ketersediaan item RM. Pondok Gurih - Brigjend Katamso."
"012","PG","RM. Pondok Gurih - Brigjend Katamso","IMG_4368.PNG","raw/pondok-gurih/IMG_4368.PNG","cropped/pondok-gurih/O-KP-20260619-PG-012.jpeg","menu-harga-foto","","8C09C13A7B6F153534337D523C11052EB99F6356F7503452D1EC5DDFEE22F8E1","1170","2532","110","Tampilan menu, harga, foto produk, dan ketersediaan item RM. Pondok Gurih - Brigjend Katamso."
"013","PG","RM. Pondok Gurih - Brigjend Katamso","IMG_4369.PNG","raw/pondok-gurih/IMG_4369.PNG","cropped/pondok-gurih/O-KP-20260619-PG-013.jpeg","menu-harga-foto","","312248D05936EE7025A8A6C899271C7BF6957244F94C17B73F79DDB4629CB338","1170","2532","110","Tampilan menu, harga, foto produk, dan ketersediaan item RM. Pondok Gurih - Brigjend Katamso."
"014","PG","RM. Pondok Gurih - Brigjend Katamso","IMG_4370.PNG","raw/pondok-gurih/IMG_4370.PNG","cropped/pondok-gurih/O-KP-20260619-PG-014.jpeg","menu-harga-foto","","EB526920EC23C0C9A7D74260690792BA430D53B4FACF3099D5F7CB2C1BD8B4E4","1170","2532","110","Tampilan menu, harga, foto produk, dan ketersediaan item RM. Pondok Gurih - Brigjend Katamso."
"015","PG","RM. Pondok Gurih - Brigjend Katamso","IMG_4371.PNG","raw/pondok-gurih/IMG_4371.PNG","cropped/pondok-gurih/O-KP-20260619-PG-015.jpeg","menu-harga-foto","","8DBE28EA5FFE7E9895B81ADB49B9704D2579DB303D25A5BFCBB9243DEA8EC87C","1170","2532","110","Tampilan menu, harga, foto produk, dan ketersediaan item RM. Pondok Gurih - Brigjend Katamso."
"016","PG","RM. Pondok Gurih - Brigjend Katamso","IMG_4372.PNG","raw/pondok-gurih/IMG_4372.PNG","cropped/pondok-gurih/O-KP-20260619-PG-016.jpeg","menu-harga-foto","","9FEB7162C590F063292CC443A61D243450D0A583BDEC5CC775455FC86EAA95DE","1170","2532","110","Tampilan menu, harga, foto produk, dan ketersediaan item RM. Pondok Gurih - Brigjend Katamso."
"017","PG","RM. Pondok Gurih - Brigjend Katamso","IMG_4373.PNG","raw/pondok-gurih/IMG_4373.PNG","cropped/pondok-gurih/O-KP-20260619-PG-017.jpeg","menu-harga-foto","","C95E6DDEAE8C49ED6DD5F42654F018962C2A5927A64D0EF14B3139D805CB1D68","1170","2532","110","Tampilan menu, harga, foto produk, dan ketersediaan item RM. Pondok Gurih - Brigjend Katamso."
"018","PG","RM. Pondok Gurih - Brigjend Katamso","IMG_4374.PNG","raw/pondok-gurih/IMG_4374.PNG","cropped/pondok-gurih/O-KP-20260619-PG-018.jpeg","menu-harga-foto","","520800BBC9BAE79F99E1E79EAB98D79C2FB53B3651DD488C67849C4458781643","1170","2532","110","Tampilan menu, harga, foto produk, dan ketersediaan item RM. Pondok Gurih - Brigjend Katamso."
"019","PG","RM. Pondok Gurih - Brigjend Katamso","IMG_4375.PNG","raw/pondok-gurih/IMG_4375.PNG","cropped/pondok-gurih/O-KP-20260619-PG-019.jpeg","menu-harga-foto","","8B31F5B26EE7ED1B9094A7F5735099A783AC940776686026A1319C52370EBECD","1170","2532","110","Tampilan menu, harga, foto produk, dan ketersediaan item RM. Pondok Gurih - Brigjend Katamso."
"020","PG","RM. Pondok Gurih - Brigjend Katamso","IMG_4376.PNG","raw/pondok-gurih/IMG_4376.PNG","cropped/pondok-gurih/O-KP-20260619-PG-020.jpeg","menu-harga-foto","","57E3809904CBBE9971EF743F5A0FC9E47CD197CC98B00427DD9D8EC4307699F3","1170","2532","110","Tampilan menu, harga, foto produk, dan ketersediaan item RM. Pondok Gurih - Brigjend Katamso."
"021","PG","RM. Pondok Gurih - Brigjend Katamso","IMG_4377.PNG","raw/pondok-gurih/IMG_4377.PNG","cropped/pondok-gurih/O-KP-20260619-PG-021.jpeg","menu-harga-foto","","3483D9F61FDF3128805210DBE0DB54B399A4E82D7AE498B72E78D6E64965E684","1170","2532","110","Tampilan menu, harga, foto produk, dan ketersediaan item RM. Pondok Gurih - Brigjend Katamso."
"022","PG","RM. Pondok Gurih - Brigjend Katamso","IMG_4378.PNG","raw/pondok-gurih/IMG_4378.PNG","cropped/pondok-gurih/O-KP-20260619-PG-022.jpeg","menu-harga-foto","","823932A9784DF8CE1E5BBFC5FCF480CA6A6CD4554FCC59E23FBBBC2231382728","1170","2532","110","Tampilan menu, harga, foto produk, dan ketersediaan item RM. Pondok Gurih - Brigjend Katamso."
"023","PG","RM. Pondok Gurih - Brigjend Katamso","IMG_4379.PNG","raw/pondok-gurih/IMG_4379.PNG","cropped/pondok-gurih/O-KP-20260619-PG-023.jpeg","ulasan-pelanggan","","C95D9E2FB4706E3FFF713E0D34381353F589924D7A0E9DDC1F41C2CB474A73F0","1170","2532","110","Tampilan ulasan pelanggan RM. Pondok Gurih - Brigjend Katamso di GrabFood."
"024","PG","RM. Pondok Gurih - Brigjend Katamso","IMG_4380.PNG","raw/pondok-gurih/IMG_4380.PNG","cropped/pondok-gurih/O-KP-20260619-PG-024.jpeg","ulasan-pelanggan","","DA62F68FBD6A3ABAD3471BA768B07983963D3E5EEAE13DD5FDB0559050068E7B","1170","2532","110","Tampilan ulasan pelanggan RM. Pondok Gurih - Brigjend Katamso di GrabFood."
"025","PG","RM. Pondok Gurih - Brigjend Katamso","IMG_4381.PNG","raw/pondok-gurih/IMG_4381.PNG","cropped/pondok-gurih/O-KP-20260619-PG-025.jpeg","ulasan-pelanggan","","A477CCAB0E7728424C82E821A4D134CC8B0446CD8133F18F9C8AFC4EF0186953","1170","2532","110","Tampilan ulasan pelanggan RM. Pondok Gurih - Brigjend Katamso di GrabFood."
"026","PG","RM. Pondok Gurih - Brigjend Katamso","IMG_4382.PNG","raw/pondok-gurih/IMG_4382.PNG","cropped/pondok-gurih/O-KP-20260619-PG-026.jpeg","ulasan-pelanggan","","AAC839F03C0E5A808D3BAA52467CF967B8DB086E966FA84D8A6A4593F515BE33","1170","2532","110","Tampilan ulasan pelanggan RM. Pondok Gurih - Brigjend Katamso di GrabFood."
"027","PG","RM. Pondok Gurih - Brigjend Katamso","IMG_4383.PNG","raw/pondok-gurih/IMG_4383.PNG","cropped/pondok-gurih/O-KP-20260619-PG-027.jpeg","ulasan-pelanggan","","CE24913E1CEEB4F9881D7608264A448F01E04E8EA4D5C43A538C168B4CFD57B0","1170","2532","110","Tampilan ulasan pelanggan RM. Pondok Gurih - Brigjend Katamso di GrabFood."
"028","PG","RM. Pondok Gurih - Brigjend Katamso","IMG_4384.PNG","raw/pondok-gurih/IMG_4384.PNG","cropped/pondok-gurih/O-KP-20260619-PG-028.jpeg","ulasan-pelanggan","","DAAEDB3605C21BFD0F3969C0E60DB7C2AA3C83717003F840BD9D5B6306C59812","1170","2532","110","Tampilan ulasan pelanggan RM. Pondok Gurih - Brigjend Katamso di GrabFood."
"029","PG","RM. Pondok Gurih - Brigjend Katamso","IMG_4385.PNG","raw/pondok-gurih/IMG_4385.PNG","cropped/pondok-gurih/O-KP-20260619-PG-029.jpeg","ulasan-pelanggan","","CABD83B876BF9633E95AB5DD77998260FBE5B0AF95E3535527C85C2584C2690A","1170","2532","110","Tampilan ulasan pelanggan RM. Pondok Gurih - Brigjend Katamso di GrabFood."
"030","PG","RM. Pondok Gurih - Brigjend Katamso","IMG_4386.PNG","raw/pondok-gurih/IMG_4386.PNG","cropped/pondok-gurih/O-KP-20260619-PG-030.jpeg","ulasan-pelanggan","","60B3C2A939E4195154A6F44C92C9B8B4F7A6B94C5B8067B30A9619429857CCEB","1170","2532","110","Tampilan ulasan pelanggan RM. Pondok Gurih - Brigjend Katamso di GrabFood."
"031","PG","RM. Pondok Gurih - Brigjend Katamso","IMG_4387.PNG","raw/pondok-gurih/IMG_4387.PNG","cropped/pondok-gurih/O-KP-20260619-PG-031.jpeg","ulasan-pelanggan","","D4C73DB6365CDB931927106A6C84F0DEDB47B205B7ACDC276EF132496DE988F9","1170","2532","110","Tampilan ulasan pelanggan RM. Pondok Gurih - Brigjend Katamso di GrabFood."
"032","PG","RM. Pondok Gurih - Brigjend Katamso","IMG_4388.PNG","raw/pondok-gurih/IMG_4388.PNG","cropped/pondok-gurih/O-KP-20260619-PG-032.jpeg","ulasan-pelanggan","","795F9CB25FF3AB8D915665EBF4C2D6BEB4CE86ADA5703A7E26E92BF8F6405AB9","1170","2532","110","Tampilan ulasan pelanggan RM. Pondok Gurih - Brigjend Katamso di GrabFood."
"033","PG","RM. Pondok Gurih - Brigjend Katamso","IMG_4389.PNG","raw/pondok-gurih/IMG_4389.PNG","cropped/pondok-gurih/O-KP-20260619-PG-033.jpeg","ulasan-pelanggan","","F9180B9D5C68E139F9818F390409751CDB068CEEC00C48D5424C90AEB10D9D10","1170","2532","110","Tampilan ulasan pelanggan RM. Pondok Gurih - Brigjend Katamso di GrabFood."
"034","PG","RM. Pondok Gurih - Brigjend Katamso","IMG_4390.PNG","raw/pondok-gurih/IMG_4390.PNG","cropped/pondok-gurih/O-KP-20260619-PG-034.jpeg","ulasan-pelanggan","","3777BDEB1632C50807FB11EC27601D3D249865E3DD42727D135A16F6A6CAC234","1170","2532","110","Tampilan ulasan pelanggan RM. Pondok Gurih - Brigjend Katamso di GrabFood."
"035","PG","RM. Pondok Gurih - Brigjend Katamso","IMG_4391.PNG","raw/pondok-gurih/IMG_4391.PNG","cropped/pondok-gurih/O-KP-20260619-PG-035.jpeg","ulasan-pelanggan","","9A42EE6519259544F129761DC603F999FF215008F3D9AAD5CA8B820C96A1B80E","1170","2532","110","Tampilan ulasan pelanggan RM. Pondok Gurih - Brigjend Katamso di GrabFood."
"001","GAR","Restoran Garuda - Adam Malik","IMG_4392.PNG","raw/restoran-garuda/IMG_4392.PNG","cropped/restoran-garuda/O-KP-20260619-GAR-001.jpeg","profile-rating","","2552D65DB3B91D8A0E693440529D398040E1C533FF687088F25855D6A3359AED","1170","2532","110","Tampilan profil, rating, jumlah penilaian, status, jarak, dan ringkasan ulasan Restoran Garuda - Adam Malik."
"002","GAR","Restoran Garuda - Adam Malik","IMG_4393.PNG","raw/restoran-garuda/IMG_4393.PNG","cropped/restoran-garuda/O-KP-20260619-GAR-002.jpeg","profile-rating","","D91580C7E764EF6A279B204E7F407F78E3855535A07F693AA62F26ED6D8870E5","1170","2532","110","Tampilan profil, rating, jumlah penilaian, status, jarak, dan ringkasan ulasan Restoran Garuda - Adam Malik."
"003","GAR","Restoran Garuda - Adam Malik","IMG_4394.PNG","raw/restoran-garuda/IMG_4394.PNG","cropped/restoran-garuda/O-KP-20260619-GAR-003.jpeg","promo-voucher","","384B1492BECD031FAAA9C3A0F5416848A66F3FEC46CA6F0960C3D9B22A710B1C","1170","2532","110","Tampilan daftar promo/voucher GrabFood Restoran Garuda - Adam Malik."
"004","GAR","Restoran Garuda - Adam Malik","IMG_4395.PNG","raw/restoran-garuda/IMG_4395.PNG","cropped/restoran-garuda/O-KP-20260619-GAR-004.jpeg","promo-voucher","","BC14D1B6DC11EBB273335695F46A4C6521D391A65A2896F42067257C41B97305","1170","2532","110","Tampilan daftar promo/voucher GrabFood Restoran Garuda - Adam Malik."
"005","GAR","Restoran Garuda - Adam Malik","IMG_4396.PNG","raw/restoran-garuda/IMG_4396.PNG","cropped/restoran-garuda/O-KP-20260619-GAR-005.jpeg","menu-harga-foto","","834F899F122B5035257A4B77B9BAAED8E196969234681ABEDF78F2A45CAEFDFF","1170","2532","110","Tampilan menu, harga, foto produk, dan ketersediaan item Restoran Garuda - Adam Malik."
"006","GAR","Restoran Garuda - Adam Malik","IMG_4397.PNG","raw/restoran-garuda/IMG_4397.PNG","cropped/restoran-garuda/O-KP-20260619-GAR-006.jpeg","menu-harga-foto","","CCF69A07BFFDE7DFED389CE2EBAA82EFB328DB779150CAB09A5D8AB584CF17B8","1170","2532","110","Tampilan menu, harga, foto produk, dan ketersediaan item Restoran Garuda - Adam Malik."
"007","GAR","Restoran Garuda - Adam Malik","IMG_4398.PNG","raw/restoran-garuda/IMG_4398.PNG","cropped/restoran-garuda/O-KP-20260619-GAR-007.jpeg","menu-harga-foto","","DF75428CE1F4F5F53404EAB22E487A5E38D599EEDC4BC22D3FF64DF29646EEB0","1170","2532","110","Tampilan menu, harga, foto produk, dan ketersediaan item Restoran Garuda - Adam Malik."
"008","GAR","Restoran Garuda - Adam Malik","IMG_4399.PNG","raw/restoran-garuda/IMG_4399.PNG","cropped/restoran-garuda/O-KP-20260619-GAR-008.jpeg","menu-harga-foto","","67F7B659E9317E219991B379495C06A7F5A1D2354CEA18DD970DA69E7A2C5673","1170","2532","110","Tampilan menu, harga, foto produk, dan ketersediaan item Restoran Garuda - Adam Malik."
"009","GAR","Restoran Garuda - Adam Malik","IMG_4400.PNG","raw/restoran-garuda/IMG_4400.PNG","cropped/restoran-garuda/O-KP-20260619-GAR-009.jpeg","menu-harga-foto","","76EE2A1EE769D3B40626AB3E2AD1E1403C3B949A9946A37E3718583196704626","1170","2532","110","Tampilan menu, harga, foto produk, dan ketersediaan item Restoran Garuda - Adam Malik."
"010","GAR","Restoran Garuda - Adam Malik","IMG_4401.PNG","raw/restoran-garuda/IMG_4401.PNG","cropped/restoran-garuda/O-KP-20260619-GAR-010.jpeg","menu-harga-foto","","3CECB6F76F205CEDFCD55183F8E6060A47A7D5971A5DCD163A7BB1729BBC859E","1170","2532","110","Tampilan menu, harga, foto produk, dan ketersediaan item Restoran Garuda - Adam Malik."
"011","GAR","Restoran Garuda - Adam Malik","IMG_4402.PNG","raw/restoran-garuda/IMG_4402.PNG","cropped/restoran-garuda/O-KP-20260619-GAR-011.jpeg","menu-harga-foto","","6CD76738A1C998F5C7D81835467395AF79DBAA74EADB4E00B2759ED6DC990914","1170","2532","110","Tampilan menu, harga, foto produk, dan ketersediaan item Restoran Garuda - Adam Malik."
"012","GAR","Restoran Garuda - Adam Malik","IMG_4403.PNG","raw/restoran-garuda/IMG_4403.PNG","cropped/restoran-garuda/O-KP-20260619-GAR-012.jpeg","menu-harga-foto","","618031628CE7EBF7130BAE85D988F715B1BCD74A8A48A2C826A3B91C0F6D0AD3","1170","2532","110","Tampilan menu, harga, foto produk, dan ketersediaan item Restoran Garuda - Adam Malik."
"013","GAR","Restoran Garuda - Adam Malik","IMG_4404.PNG","raw/restoran-garuda/IMG_4404.PNG","cropped/restoran-garuda/O-KP-20260619-GAR-013.jpeg","menu-harga-foto","","56D7D595699F43EB78D6588421F26FC2EE304AFACF535E87BAD55BF850F37C10","1170","2532","110","Tampilan menu, harga, foto produk, dan ketersediaan item Restoran Garuda - Adam Malik."
"014","GAR","Restoran Garuda - Adam Malik","IMG_4405.PNG","raw/restoran-garuda/IMG_4405.PNG","cropped/restoran-garuda/O-KP-20260619-GAR-014.jpeg","menu-harga-foto","","8908A80F8E7BFF6249C3D8135E724392A02ABB7C3D442A38F484CB062EBAF66C","1170","2532","110","Tampilan menu, harga, foto produk, dan ketersediaan item Restoran Garuda - Adam Malik."
"015","GAR","Restoran Garuda - Adam Malik","IMG_4406.PNG","raw/restoran-garuda/IMG_4406.PNG","cropped/restoran-garuda/O-KP-20260619-GAR-015.jpeg","menu-harga-foto","","8877CD67E67389DE1B372673D2FC4AAC36B623369D3E8394506C6BDB2B749E3F","1170","2532","110","Tampilan menu, harga, foto produk, dan ketersediaan item Restoran Garuda - Adam Malik."
"016","GAR","Restoran Garuda - Adam Malik","IMG_4407.PNG","raw/restoran-garuda/IMG_4407.PNG","cropped/restoran-garuda/O-KP-20260619-GAR-016.jpeg","menu-harga-foto","","9F93DAF198DA795CFD37DF7E7F618DB35896A2C319B6DE0F2E134C8778CC1537","1170","2532","110","Tampilan menu, harga, foto produk, dan ketersediaan item Restoran Garuda - Adam Malik."
"017","GAR","Restoran Garuda - Adam Malik","IMG_4408.PNG","raw/restoran-garuda/IMG_4408.PNG","cropped/restoran-garuda/O-KP-20260619-GAR-017.jpeg","menu-harga-foto","","612F21320E7E7E715BEAC8E71FBA0FAAFF6A7144637947EE932C4E595317C46C","1170","2532","110","Tampilan menu, harga, foto produk, dan ketersediaan item Restoran Garuda - Adam Malik."
"018","GAR","Restoran Garuda - Adam Malik","IMG_4409.PNG","raw/restoran-garuda/IMG_4409.PNG","cropped/restoran-garuda/O-KP-20260619-GAR-018.jpeg","menu-harga-foto","","EC61B170D1A741FB6A72CE0690ABCA7DC2B67CE0A06ADF4826F409A4103C8A76","1170","2532","110","Tampilan menu, harga, foto produk, dan ketersediaan item Restoran Garuda - Adam Malik."
"019","GAR","Restoran Garuda - Adam Malik","IMG_4410.PNG","raw/restoran-garuda/IMG_4410.PNG","cropped/restoran-garuda/O-KP-20260619-GAR-019.jpeg","menu-harga-foto","","88F78A270B32A861FAAA0666BA6C3BE411EC01EB3B7FA47FC36922E169386954","1170","2532","110","Tampilan menu, harga, foto produk, dan ketersediaan item Restoran Garuda - Adam Malik."
"020","GAR","Restoran Garuda - Adam Malik","IMG_4411.PNG","raw/restoran-garuda/IMG_4411.PNG","cropped/restoran-garuda/O-KP-20260619-GAR-020.jpeg","menu-harga-foto","","2FD7F20A2DB377F294BC0340769F0B14599D82E92F03FD12C9ABF5BE57AE231B","1170","2532","110","Tampilan menu, harga, foto produk, dan ketersediaan item Restoran Garuda - Adam Malik."
"021","GAR","Restoran Garuda - Adam Malik","IMG_4412.PNG","raw/restoran-garuda/IMG_4412.PNG","cropped/restoran-garuda/O-KP-20260619-GAR-021.jpeg","menu-harga-foto","","44489DB8AA67645A8C3B3A6FAA577B441EDD88B37371FA4D3B035A84A23C9499","1170","2532","110","Tampilan menu, harga, foto produk, dan ketersediaan item Restoran Garuda - Adam Malik."
"022","GAR","Restoran Garuda - Adam Malik","IMG_4413.PNG","raw/restoran-garuda/IMG_4413.PNG","cropped/restoran-garuda/O-KP-20260619-GAR-022.jpeg","menu-harga-foto","","7246FC9DAA26374AF82C8A15C3A914A2F6D84278A92768FA0DD0064012D72D90","1170","2532","110","Tampilan menu, harga, foto produk, dan ketersediaan item Restoran Garuda - Adam Malik."
"023","GAR","Restoran Garuda - Adam Malik","IMG_4414.PNG","raw/restoran-garuda/IMG_4414.PNG","cropped/restoran-garuda/O-KP-20260619-GAR-023.jpeg","menu-harga-foto","","C79C038F00755164F282E6491D14C093806BE462396FEAE20895004674FF043C","1170","2532","110","Tampilan menu, harga, foto produk, dan ketersediaan item Restoran Garuda - Adam Malik."
"024","GAR","Restoran Garuda - Adam Malik","IMG_4415.PNG","raw/restoran-garuda/IMG_4415.PNG","cropped/restoran-garuda/O-KP-20260619-GAR-024.jpeg","menu-harga-foto","","3914E9E524F281D010FAA389C70CD76B4B574BD09DCC3C57EAA7B9EF421C4CAE","1170","2532","110","Tampilan menu, harga, foto produk, dan ketersediaan item Restoran Garuda - Adam Malik."
"025","GAR","Restoran Garuda - Adam Malik","IMG_4416.PNG","raw/restoran-garuda/IMG_4416.PNG","cropped/restoran-garuda/O-KP-20260619-GAR-025.jpeg","menu-harga-foto","","3EAF17B90364F907A601C7B34F277A0D140A2621921E196C6DC83807EF57DA25","1170","2532","110","Tampilan menu, harga, foto produk, dan ketersediaan item Restoran Garuda - Adam Malik."
"026","GAR","Restoran Garuda - Adam Malik","IMG_4417.PNG","raw/restoran-garuda/IMG_4417.PNG","cropped/restoran-garuda/O-KP-20260619-GAR-026.jpeg","menu-harga-foto","","F399AC3FBA1AA1608B9B4A805129ABF09E8E5D4E579BE41F7A13061A0B8EC7E0","1170","2532","110","Tampilan menu, harga, foto produk, dan ketersediaan item Restoran Garuda - Adam Malik."
"027","GAR","Restoran Garuda - Adam Malik","IMG_4418.PNG","raw/restoran-garuda/IMG_4418.PNG","cropped/restoran-garuda/O-KP-20260619-GAR-027.jpeg","menu-harga-foto","","5AA03A92CD108E84C9C4531B5505F82F6BCF2BD08107B19863F78C0919AF2A57","1170","2532","110","Tampilan menu, harga, foto produk, dan ketersediaan item Restoran Garuda - Adam Malik."
"028","GAR","Restoran Garuda - Adam Malik","IMG_4419.PNG","raw/restoran-garuda/IMG_4419.PNG","cropped/restoran-garuda/O-KP-20260619-GAR-028.jpeg","menu-harga-foto","","418EDC65ABEB1C652C57843461D5EC5E42C8077F2E8374D6B577B3EAB5C06E46","1170","2532","110","Tampilan menu, harga, foto produk, dan ketersediaan item Restoran Garuda - Adam Malik."
"029","GAR","Restoran Garuda - Adam Malik","IMG_4420.PNG","raw/restoran-garuda/IMG_4420.PNG","cropped/restoran-garuda/O-KP-20260619-GAR-029.jpeg","menu-harga-foto","","9D4AC97A58EBC5C83C0F2BAF86E4CD087950909906424B9E43083FF3DE92AB0D","1170","2532","110","Tampilan menu, harga, foto produk, dan ketersediaan item Restoran Garuda - Adam Malik."
"030","GAR","Restoran Garuda - Adam Malik","IMG_4421.PNG","raw/restoran-garuda/IMG_4421.PNG","cropped/restoran-garuda/O-KP-20260619-GAR-030.jpeg","menu-harga-foto","","8F72732B623410100FC16BA6416DF31F5B4994E17B6BEC3D41737EFDC1372B69","1170","2532","110","Tampilan menu, harga, foto produk, dan ketersediaan item Restoran Garuda - Adam Malik."
"031","GAR","Restoran Garuda - Adam Malik","IMG_4422.PNG","raw/restoran-garuda/IMG_4422.PNG","cropped/restoran-garuda/O-KP-20260619-GAR-031.jpeg","menu-harga-foto","","F45E0253EAAC51FF61BD68F27243D903B81D73C8349390EBF1500B2AC96F6540","1170","2532","110","Tampilan menu, harga, foto produk, dan ketersediaan item Restoran Garuda - Adam Malik."
"032","GAR","Restoran Garuda - Adam Malik","IMG_4423.PNG","raw/restoran-garuda/IMG_4423.PNG","cropped/restoran-garuda/O-KP-20260619-GAR-032.jpeg","menu-harga-foto","","9CA712E951258C8604382DA7C60E093E880A80A210439B3048EBBF673AF9899D","1170","2532","110","Tampilan menu, harga, foto produk, dan ketersediaan item Restoran Garuda - Adam Malik."
"033","GAR","Restoran Garuda - Adam Malik","IMG_4424.PNG","raw/restoran-garuda/IMG_4424.PNG","cropped/restoran-garuda/O-KP-20260619-GAR-033.jpeg","menu-harga-foto","","0E48BD5B0970A6C864FDC394AB00626F5E2EEF2D5A16E1ACAF85A60170C483D2","1170","2532","110","Tampilan menu, harga, foto produk, dan ketersediaan item Restoran Garuda - Adam Malik."
"034","GAR","Restoran Garuda - Adam Malik","IMG_4425.PNG","raw/restoran-garuda/IMG_4425.PNG","cropped/restoran-garuda/O-KP-20260619-GAR-034.jpeg","menu-harga-foto","","7F49F83CEE554FD4AD05EF27EB7D2F42FCFFA0F023681CE2B3241A14EBB38CD0","1170","2532","110","Tampilan menu, harga, foto produk, dan ketersediaan item Restoran Garuda - Adam Malik."
"035","GAR","Restoran Garuda - Adam Malik","IMG_4426.PNG","raw/restoran-garuda/IMG_4426.PNG","cropped/restoran-garuda/O-KP-20260619-GAR-035.jpeg","menu-harga-foto","","2F22A90B6192A04B1679BAD18BC7568C7F813660A532837AE429375906883F5D","1170","2532","110","Tampilan menu, harga, foto produk, dan ketersediaan item Restoran Garuda - Adam Malik."
"036","GAR","Restoran Garuda - Adam Malik","IMG_4427.PNG","raw/restoran-garuda/IMG_4427.PNG","cropped/restoran-garuda/O-KP-20260619-GAR-036.jpeg","menu-harga-foto","","BFF86F4768D9D2C6423E341862B7F2F76DF946BFCB08F25C60D9F8BB49F32CAD","1170","2532","110","Tampilan menu, harga, foto produk, dan ketersediaan item Restoran Garuda - Adam Malik."
"037","GAR","Restoran Garuda - Adam Malik","IMG_4428.PNG","raw/restoran-garuda/IMG_4428.PNG","cropped/restoran-garuda/O-KP-20260619-GAR-037.jpeg","menu-harga-foto","","42BC5036B2A99ACB2F0339300E8ABE7C8920781BBD60C971B7D595D48C84F632","1170","2532","110","Tampilan menu, harga, foto produk, dan ketersediaan item Restoran Garuda - Adam Malik."
"038","GAR","Restoran Garuda - Adam Malik","IMG_4429.PNG","raw/restoran-garuda/IMG_4429.PNG","cropped/restoran-garuda/O-KP-20260619-GAR-038.jpeg","menu-harga-foto","","840C3E49316809E9B372AAB2CFB0218628824AB10A9D1531E6439AE4C22BC0FF","1170","2532","110","Tampilan menu, harga, foto produk, dan ketersediaan item Restoran Garuda - Adam Malik."
"039","GAR","Restoran Garuda - Adam Malik","IMG_4430.PNG","raw/restoran-garuda/IMG_4430.PNG","cropped/restoran-garuda/O-KP-20260619-GAR-039.jpeg","menu-harga-foto","","1D63D0213344108A50CA0D3F4C0BB612183226E0ECF05E44DEAA1B0B05044C73","1170","2532","110","Tampilan menu, harga, foto produk, dan ketersediaan item Restoran Garuda - Adam Malik."
"040","GAR","Restoran Garuda - Adam Malik","IMG_4431.PNG","raw/restoran-garuda/IMG_4431.PNG","cropped/restoran-garuda/O-KP-20260619-GAR-040.jpeg","ulasan-pelanggan","","52F713F88C1DE3E94F58ED7CAF3E1E9879BD5CC6D62649734FBEE80AE42639B9","1170","2532","110","Tampilan ulasan pelanggan Restoran Garuda - Adam Malik di GrabFood."
"041","GAR","Restoran Garuda - Adam Malik","IMG_4432.PNG","raw/restoran-garuda/IMG_4432.PNG","cropped/restoran-garuda/O-KP-20260619-GAR-041.jpeg","ulasan-pelanggan","","46A6930E2D6E5899DA4A501B4EF2FEA53F0365497A5CD78652DDBA6C1FC63BF6","1170","2532","110","Tampilan ulasan pelanggan Restoran Garuda - Adam Malik di GrabFood."
"042","GAR","Restoran Garuda - Adam Malik","IMG_4433.PNG","raw/restoran-garuda/IMG_4433.PNG","cropped/restoran-garuda/O-KP-20260619-GAR-042.jpeg","ulasan-pelanggan","","D5DEDD63606D66C3FFC1A0626F0FA114101209C0B3208C523095ECE6085007E9","1170","2532","110","Tampilan ulasan pelanggan Restoran Garuda - Adam Malik di GrabFood."
"043","GAR","Restoran Garuda - Adam Malik","IMG_4434.PNG","raw/restoran-garuda/IMG_4434.PNG","cropped/restoran-garuda/O-KP-20260619-GAR-043.jpeg","ulasan-pelanggan","","A2998A8770988C1106535819F5339B414502251FD2AB6252875CD94F333D95FC","1170","2532","110","Tampilan ulasan pelanggan Restoran Garuda - Adam Malik di GrabFood."
"044","GAR","Restoran Garuda - Adam Malik","IMG_4435.PNG","raw/restoran-garuda/IMG_4435.PNG","cropped/restoran-garuda/O-KP-20260619-GAR-044.jpeg","ulasan-pelanggan","","65DB8B85F9AEFB1F76DEFFF6D5E2A23A91633AF21DD2B4BF7D87D8A19B7C35A1","1170","2532","110","Tampilan ulasan pelanggan Restoran Garuda - Adam Malik di GrabFood."
"045","GAR","Restoran Garuda - Adam Malik","IMG_4436.PNG","raw/restoran-garuda/IMG_4436.PNG","cropped/restoran-garuda/O-KP-20260619-GAR-045.jpeg","ulasan-pelanggan","","C25E36903575ADA525FCE23A5D0F00F418A68707D589AD5A2265334D28DE6CD4","1170","2532","110","Tampilan ulasan pelanggan Restoran Garuda - Adam Malik di GrabFood."
"046","GAR","Restoran Garuda - Adam Malik","IMG_4437.PNG","raw/restoran-garuda/IMG_4437.PNG","cropped/restoran-garuda/O-KP-20260619-GAR-046.jpeg","ulasan-pelanggan","","75BCDCF0761114D723E8358A307E9E5B0984EA697067745751D2D369D6A0E36E","1170","2532","110","Tampilan ulasan pelanggan Restoran Garuda - Adam Malik di GrabFood."
"047","GAR","Restoran Garuda - Adam Malik","IMG_4438.PNG","raw/restoran-garuda/IMG_4438.PNG","cropped/restoran-garuda/O-KP-20260619-GAR-047.jpeg","ulasan-pelanggan","","78DE1DC3D764E6CCA6ABBA934433E36C3A52FD5CAECCB2501179EBA2F5708751","1170","2532","110","Tampilan ulasan pelanggan Restoran Garuda - Adam Malik di GrabFood."
"048","GAR","Restoran Garuda - Adam Malik","IMG_4439.PNG","raw/restoran-garuda/IMG_4439.PNG","cropped/restoran-garuda/O-KP-20260619-GAR-048.jpeg","ulasan-pelanggan","","9E2F6607CEA13ADE42B0BF882CC6C402C0FECCC92DD258565F39DEA87D478F0D","1170","2532","110","Tampilan ulasan pelanggan Restoran Garuda - Adam Malik di GrabFood."
"049","GAR","Restoran Garuda - Adam Malik","IMG_4440.PNG","raw/restoran-garuda/IMG_4440.PNG","cropped/restoran-garuda/O-KP-20260619-GAR-049.jpeg","ulasan-pelanggan","","51275AF5BA882DD170F2DF6617657D2996A0BC0800F014486341966F069D3ECD","1170","2532","110","Tampilan ulasan pelanggan Restoran Garuda - Adam Malik di GrabFood."
"050","GAR","Restoran Garuda - Adam Malik","IMG_4441.PNG","raw/restoran-garuda/IMG_4441.PNG","cropped/restoran-garuda/O-KP-20260619-GAR-050.jpeg","ulasan-pelanggan","","7EE6DD6B8A1417F789929C226C0D4CB6CA5200DE02355341D8BCCC183B455DDB","1170","2532","110","Tampilan ulasan pelanggan Restoran Garuda - Adam Malik di GrabFood."
"051","GAR","Restoran Garuda - Adam Malik","IMG_4442.PNG","raw/restoran-garuda/IMG_4442.PNG","cropped/restoran-garuda/O-KP-20260619-GAR-051.jpeg","ulasan-pelanggan","","FAB82420E38293828046AFC776E4A8BC71DDBE84BC7185C6E8467348344CDEFC","1170","2532","110","Tampilan ulasan pelanggan Restoran Garuda - Adam Malik di GrabFood."
"052","GAR","Restoran Garuda - Adam Malik","IMG_4443.PNG","raw/restoran-garuda/IMG_4443.PNG","cropped/restoran-garuda/O-KP-20260619-GAR-052.jpeg","ulasan-pelanggan","","B8EEF2095AD16FB155FEEDFFDCDD7099257AC8F3227D78DF038FC5D346FD26DA","1170","2532","110","Tampilan ulasan pelanggan Restoran Garuda - Adam Malik di GrabFood."
"053","GAR","Restoran Garuda - Adam Malik","IMG_4444.PNG","raw/restoran-garuda/IMG_4444.PNG","cropped/restoran-garuda/O-KP-20260619-GAR-053.jpeg","ulasan-pelanggan","","712E8D8002943DFBAC3633240AB45F625853D3ECD6B6F2E96C62358CAD74179B","1170","2532","110","Tampilan ulasan pelanggan Restoran Garuda - Adam Malik di GrabFood."
"054","GAR","Restoran Garuda - Adam Malik","IMG_4445.PNG","raw/restoran-garuda/IMG_4445.PNG","cropped/restoran-garuda/O-KP-20260619-GAR-054.jpeg","ulasan-pelanggan","","B265F347999C32B5D981858CD50FC81B23FDC60DF532F4B608F7F1CE7E3E08D3","1170","2532","110","Tampilan ulasan pelanggan Restoran Garuda - Adam Malik di GrabFood."
"055","GAR","Restoran Garuda - Adam Malik","IMG_4446.PNG","raw/restoran-garuda/IMG_4446.PNG","cropped/restoran-garuda/O-KP-20260619-GAR-055.jpeg","ulasan-pelanggan","","52248E1D9A35B5D7FF8B2E26FBC805AFF8C47819560C3CC62BD718F24ABF1C7A","1170","2532","110","Tampilan ulasan pelanggan Restoran Garuda - Adam Malik di GrabFood."
"056","GAR","Restoran Garuda - Adam Malik","IMG_4447.PNG","raw/restoran-garuda/IMG_4447.PNG","cropped/restoran-garuda/O-KP-20260619-GAR-056.jpeg","ulasan-pelanggan","","186E8EADFE29BB34ACA5ACFD2A126998A352200ED6E995ED111556E4C6840D4B","1170","2532","110","Tampilan ulasan pelanggan Restoran Garuda - Adam Malik di GrabFood."
"057","GAR","Restoran Garuda - Adam Malik","IMG_4448.PNG","raw/restoran-garuda/IMG_4448.PNG","cropped/restoran-garuda/O-KP-20260619-GAR-057.jpeg","ulasan-pelanggan","","51A40096438C804F999D33EBD3E9228750D26C4061E6ED740F93F162E116DBA4","1170","2532","110","Tampilan ulasan pelanggan Restoran Garuda - Adam Malik di GrabFood."
